id,type,authors,year,title,journal,vol,sp,ep,doi,abstract
U001,GEN,"Redi, Francesco; Fernández, Juan Ignacio Pulido",2018,Describing Coopetition Among Destinations: Evidence From the UNWTO Silk Road Program,,,217,238,10.4018/978-1-5225-3773-1.ch013,"This chapter addresses on coopetition among destinations with the objective of elaborating according to the themes developed in another form of coopetition: the one within destinations. Over the years several forms of coopetition among-destinations were developed but scientific literature has concentrated on the ones within-destinations that were analysed and described in depth. The chapter describes the UNWTO Silk Road Program, considering it the bigger initiative in terms of coopetition among-destinations. The area of research has several streams to be developed and, cost-efficiency assessment is surely the most appealing both at a scientific and managerial level. Improving the management and monitoring of a coopetition among-destinations strategy may carry to extension of the areas of cooperation and to gathering more resources for the implementation of effective plans and actions."
U002,JOUR,"Niu, Song; Li, Nianci",2019,Sino-Turkish Tourism Cooperation under the Framework of the Belt and Road Initiative,Asian Journal of Middle Eastern and Islamic Studies,13,445,461,10.1080/25765949.2019.1630581,"Abstract In recent years, China has vigorously promoted the implementation of the Belt and Road Initiative (BRI). As a key area of communication among peoples, tourism has become an important aspect for cooperation between China and the countries along the ‘Belt and Road’. China established the Ministry of Culture and Tourism in 2018 to promote the cultural and tourist industries, providing important support for their development. Meanwhile, Turkey has abundant religious and cultural tourism resources, and it is actively tapping the Chinese market, hoping to attract more Chinese tourists. This has laid the foundation for tourism cooperation between the two countries. In 2018 the Year of Turkish Tourism was celebrated in China. Within the year a series of cultural and tourist activities by Turkish organisations were carried out in various Chinese cities for the purpose of enhancing the appeal of Turkish tourism. Despite the outstanding advantages of Turkey’s tourist resources, its unstable security situation and political disputes between the two countries have negative impacts on tourism cooperation. Moreover, Turkey’s domestic tourist industry is facing a shortage of measures to effectively meet the language needs of Chinese tourists, which also inhibits the willingness of Chinese tourists to travel to Turkey."
U003,JOUR,"Bengtsson, M.; Kock, S.",2000,”Coopetition” in Business Networks—to Cooperate and Compete Simultaneously,Industrial Marketing Management,29,411,426,10.1016/s0019-8501(99)00067-x,
U004,JOUR,"Kirillova, Ksenia; Park, Jinah; Zhu, Mingyang; Dioko, Leonardo A. N.; Zeng, Guo-Jun",2020,Developing the coopetitive destination brand for the Greater Bay Area,Journal of Destination Marketing and Management,17,100439,,10.1016/j.jdmm.2020.100439,"Abstract In light of intensified competition among destinations, tourism collaborations are used to enhance a region's attractiveness. Yet tourism collaboration in its pure form is rarely observed because destinations tend to be excludable and rivalrous. To better reflect this reality, the concept of coopetition has emerged. Coopetitive marketing, especially within the cross-border region at the macro level, is underdeveloped in tourism literature. This study assesses the prospect of developing a coopetitive brand of the Guangdong–Hong Kong–Macao Greater Bay Area (GBA), which spans geographical, political, ideological, and jurisdictional borders. Based on cross-sectional survey in six member cities in the GBA (N = 2135), this study investigates homogeneity and heterogeneity of the cities' existing destination images, and identifies the effects of identity salience (residents and short- versus long-haul tourists) and of borders (SARs versus Mainland). Theoretically, this study consolidates the concept of coopetition and cross-border marketing in the light of different stakeholders' perceptions. The findings underpin the uniqueness of the member cities with unity in a possible common brand."
U005,JOUR,"Chim-Miki, A. F.; Batista-Canino, Rosa M.",2017,Tourism coopetition: An introduction to the subject and a research agenda,International Business Review,26,1208,1217,10.1016/j.ibusrev.2017.05.003,
U006,GEN,"Nalebuff, B.; Brandenburger, A.",1997,Co-opetition : 1. a revolutionary mindset that combines competition and cooperation in the marketplace : 2. the game theory strategy that's changing the game of business,,,,,,"This work uses game theory to rewrite business strategy, and offers a strategic way of thinking which combines competition and cooperation. The examples, including Intel, Nintendo and American Express, show not only how companies can utilize these strategies, but how industry as a whole can grow."
U007,JOUR,"Dayoub, Bashar; Yang, Peifeng; Omran, Sarah; Zhang, Qiu-Yi; Chen, Xu; Alabsi, Akram Ahmed Noman; Dayoub, Alaa",2024,The Belt and Road Initiative’s impact on tourism and heritage along the Silk Roads: A systematic literature review and future research agenda,PLOS ONE,19,,,10.1371/journal.pone.0306298,"This is a systematic review of the literature on the Belt and Road Initiative (BRI) and its impact on tourism and heritage in participating countries along the Silk Roads. China launched the BRI in 2013 with the aim of promoting global trade and stimulating economic growth through the development of infrastructure and cultural cooperation. This review examines studies for the period from 2013 to 2023, focusing on key themes such as tourist flows, destination development, urban renewal, heritage preservation, and cultural route revival. The systematic review follows the Preferred Reporting Items for Systematic Reviews and Meta-Analyses (PRISMA) guidelines, incorporating 56 relevant documents that cover both tourism and heritage domains. The findings highlight substantial potential for the development of new tourism products and destinations, improved urban renewal, and the preservation of cultural heritage, provided that integrated policies, public-private collaboration, and equitable community participation frameworks are implemented with attention to ecological limits. However, the review also identifies significant challenges, including financial imbalances, uneven access to benefits, social disruption, cultural commodification, and environmental degradation. Addressing these issues requires careful, context-specific planning. The study concludes with a proposal for a future research agenda that includes exploring underrepresented regions, developing sustainable tourism models, and fostering interdisciplinary research to ensure a balanced approach to economic development and heritage preservation. This review’s findings provide valuable insight for policymakers, tourism officials, and cultural heritage managers, guiding the development of policies that balance economic growth with the preservation of cultural and natural heritage sites. This research contributes to the academic discourse by elucidating the complex interplay between the BRI and the Silk Roads’ tourism and heritage, offering a pathway for sustainable and inclusive growth."
U008,JOUR,"Wisniewski, Rafal",2025,Coopetition as a form of great power relations- the case study of US-China dynamics in the post-Cold War period,Stosunki Międzynarodowe – International Relations,,,,10.12688/stomiedintrelat.17973.1,"This article applies the concept of coopetition to better explain the nature and dynamics of post-Cold War great power relations. The notion of coopetition emerged in management studies to describe the paradoxical relationships that combine intense cooperation and competition between actors in a globalized business environment. In the author’s view, it can be successfully applied to the study of great power relations in the highly interdependent post-Cold War international order. Specifically, the case study of relations between the United States and the People’s Republic of China in the period from 1996 to 2007 is used to explore the concept’s applicability to the study of great power interactions. The article identifies factors that facilitated the coopetitive character of Sino-American relations during this period, examines the strategies employed by both sides to manage this dynamic, and offers hypotheses regarding the reasons for the decline of coopetition and the emergence of strategic rivalry."
U009,JOUR,"Akyılmaz, Burhan",2021,Evaluations of Chinese Travel Agencies on Mesopotamia Destination from the Marketing and Branding Perspective,Journal of Business Research - Turk,,,,10.20491/isarder.2021.1230,"Purpose – The purpose of this study is to analyze the evaluations of Chinese travel agencies on Mesopotamia destination from the marketing and branding perspective. Design/methodology/approach – In this study, a case study pattern that is one of the qualitative research patterns, has been used. During the study, 5 questions were asked to learn the demographic information of the interviewers, and also 11 semi-structured interview forms including 10 questions were prepared to receive their opinions about Mesopotamia destination marketing. Content analysis has been done for the obtained data by using MAXQDA Qualitative Data Analysis Programme. Findings – According to the findings of the study, it has been determined that the representatives of 11 travel agencies coming from China think mostly that the local community in the region have great hospitality and also that local dishes have a wide variety and great taste. Additionally, they have described the existing culture of religious tolerance, which has been one of the dominant characteristics of the region, as another important cultural value. On the other hand; the qualification of the tourist guides serving in the region in Chinese and increasing the institutional capacities of the travel agencies serving in the region are listed among the aspects of the Mesopotamia destination that need to be developed. Discussion – Mesopotamia destination is one of the most important regions of Turkey that can attract the attention of Chinese tourists, in this sense, it is appropriate to consider China as a significant target market to be used in tourism destination marketing."
U010,JOUR,"Norheim‐Hansen, Anne; Aarstad, J.; Haugland, S.; Ness, Håvard",2026,The impact of status on inter-destination coopetition,Annals of Tourism Research,,,,10.1016/j.annals.2026.104253,
U011,JOUR,"Qian, F.",2021,"Ancient routes, new dream: the Silk Roads and China's Belt and Road Initiative",Journal of Cultural Heritage Management and Sustainable Development,,,,10.1108/jchmsd-05-2021-0091,"PurposeThe paper aims to contribute to the current research on China's Belt and Road Initiative (BRI) from a historical point of view. The paper investigates why the history of the Silk Roads is important to the BRI, what is in the guiding thought underpinning China's Silk Roads narrative and how this narrative is presented transnationally, through an insightful analysis of the Communist Party of China's (CPC) view of the Silk Roads history, as well as its perception of the connections between the Silk Roads history and the BRI.Design/methodology/approachThe paper sits in the interface between history, heritage and state power. The argument is framed in concepts of historical constructionism and soft power. It is based on the discourse analysis of China's official narrative of Silk Roads and a case study of the planning for the World Heritage nomination of the Maritime Silk Routes (MSR) (China section). The case study is conducted through a qualitative analysis of academic publications, media reports and programs, official speeches and documents that are available to the public in hardcopy or on the Internet.FindingsThe paper reveals the relationship between the state-endorsed Silk Roads narrative and the BRI. The paper argues that the state-backed Silk Roads narrative as well as the planning for the World Heritage nomination of the MSR (China section) is guided by the Chinese Communist Party's perception of the BRI. In this respect, the Silk Roads-associated history, heritage and memory are shaped and deployed to serve as a convenient platform for the promotion of the BRI. The Party leaders' perception of the BRI is in large part about the revival of China's past glory, its national rejuvenation and the demonstration of China's soft power.Originality/valueThe paper contributes to the existing literature on the BRI through its enquiries into how the CPC reconcile nationalist ambitions with notions of peace, harmony and cosmopolitanism and how CPC's view of the Silk Roads history shapes its vision of the BRI. The paper examines the role of the state in the construction and articulation of the Silk Roads-associated history, heritage and memory. It investigates how China's official interpretation of the Silk Road heritage serves China's BRI."
U012,JOUR,"Winter, T.",2019,Geocultural Power: China’s Belt and Road Initiative,Geopolitics,26,1376,1399,10.1080/14650045.2020.1718656,"ABSTRACT This paper examines China’s Belt and Road Initiative as an exercise in geocultural power. To date, Belt and Road has been analysed as a geopolitical and geo-economic initiative, with arguments constructed around the development of infrastructure, trade or finance agreements. This paper introduces the Silk Roads as one of the most compelling geocultural concepts of the modern era to show its strategic value as a platform for cooperation and multi-sector connectivity. A critical analysis of the Silk Roads provides new insights into Belt and Road, revealing how China is mobilising its geocultural potential as a civilisational state to build regional and continental connectivities."
U013,JOUR,"Brown, Melissa Shani; O'Brien, David",2024,The silk roads and shared heritage in Europe: Beyond ‘China to Rome’,China Information,39,279,300,10.1177/0920203x241281989,"This article offers critical engagement with ideas of shared heritage, considering representation of the silk roads in Europe as a counterpoint to their representation in China. Often cast as a ‘bridge’ between ‘East and West’ or ‘China and Rome’ (e.g. UNESCO’s description of the Silk Road Heritage Corridors), the silk roads are regularly depicted as an abstraction of interconnection. And as an abstraction, the idea of shared heritage is often emptied of its potential to communicate greater understanding of the past, respect for cultural difference and co-dependency, or to invite reflection on forms of community constituted through shared histories. Exploring the Sinicization of the silk roads, we argue that much of the rhetoric of shared heritage is deceptively exclusive. We turn to consider the depiction of these histories of trade within Europe, offering a discursive analysis of metatexts around the United Nations World Tourism Organization/European Commission Western Silk Road tourism project, with some discussion of the representation of ancient trade at different European museums. We argue that an enduring legacy of the silk roads’ romanticized image and the transcription of this into commercial tourism inhibit their potential as a useful metanarrative for the future because it fails to communicate the complexity of the past, particularly histories of violence and inequality. However, considering recent depiction of the amber roads, we argue that histories of trade can nevertheless be mobilized towards a more nuanced understanding of the past and a critical reflection on the past and present."
U014,JOUR,"Mariani, Marcello M.",2016,Coordination in inter-network co-opetitition: Evidence from the tourism sector,Industrial Marketing Management,53,103,123,10.1016/j.indmarman.2015.11.015,"Abstract In this paper, we investigate whether and to what extent formal governance forms such as contracts are a necessary condition to manage coopetitive interactions among networks. We situate our analysis within the tourism sector where we gain insights from an in-depth exemplar case of co-opetition among nearby Italian tourism destinations conjointly developing and marketing an event, the Pink Night Festival. We suggest that coordination mechanisms with varying degrees of formality seem to play a crucial role to manage coopetitive interactions. Subsequently, we identify eight key drivers of formalization of coordination mechanisms in inter-network co-opetitition: 1) leadership; 2) brokerage and pivotal attitude; 3) power asymmetry; 4) focus on strategic thinking; 5) maturity of network management approach; 6) maturity and distance of the marketing approach; 7) past experience working together; 8) cultural, functional and organizational similarities. Last, we develop a conceptual framework highlighting that each stage of the evolution of an inter-network coopetitive relationship has key features in terms of the underlying coordination mechanisms."
U015,JOUR,"Sirisuthikul, Varintra",2018,Conceptualizing ASEAN Tourism Brand: Towards A Coopetition Framework,GATR Global Journal of Business Social Sciences Review,,,,10.35609/gjbssr.2018.6.4(2),"Objective - This paper proposes an integrative framework in an attempt to conceptualize the branding of ASEAN tourism in a sustainable and unified approach based on the results collected from a sample of travellers visiting ASEAN destinations and tourism insights from NTOs or DMOs. Methodology/Technique - A mixed method is used to combine the quantitative and qualitative phases. A survey of travellers visiting ASEAN destinations (n=480) is conducted with a mix of Asian travellers and Western travellers, as well as 10 in-depth interviews with NTOs or DMOs to obtain tourism insights. Findings - The findings suggest that authenticity of the destination image is an integral part of ASEAN tourism. National Tourism Organizations (NTOs), Destination Marketing Organization (DMO) and other stakeholders of ASEAN tourism should adopt a coopetition framework and co-create a consistent and coherent positioning of the destination, while maintaining a competitive positioning of the nation, to achieve a sustainable brand of ASEAN tourism. Novelty - The paper highlights the needs for ASEAN NTOs and DMOs to enable coopetition for all tourism stakeholders for the promotion of the ASEAN brand. The proposed framework is seen as transformative in its ability to bring about collaborative and sustainable efforts to ultimately achieve an authentic ASEAN brand. Type of Paper - Empirical. Keywords: ASEAN Tourism Brand; Coopetition; Cooperation and Competition; Authenticity; NTOs; DMOs. JEL Classification: M38, M38, L32."
U016,JOUR,"Sciorati, Giulia",2022,‘Constructing’ heritage diplomacy in Central Asia: China’s Sinocentric historicisation of transnational World Heritage Sites,International Journal of Cultural Policy,29,94,112,10.1080/10286632.2022.2141718,"ABSTRACT As the ancient Silk Road began acquiring new centrality in China’s soft power strategy in the mid-2000s, so did heritage diplomacy, which developed as an engagement tool for fostering relations with Central Asia. The paper examines China’s heritage cooperation with Central Asian countries through the lenses of social constructivism, investigating the conditions whereby the discursive construction of heritage has elicited cooperation. Linking the constructivist canon to Tim Winter’s work, the research considers heritage as diplomacy, suggesting that cooperation is fostered when heritage is framed as a link to a shared past among states and heritage positively engages with the core national interests of recipient countries. The research examines China’s discursive construction of the ‘Chang’an-Tianshan Corridor’ joint nomination to the UNESCO World Heritage list with Kazakhstan and Kyrgyzstan in media texts. The paper identifies a Sinocentric historicisation of heritage that, on the one hand, shies away from historical memories of conflict and competition and, on the other, connects joint heritage work with the notion of national sovereignty, playing on Central Asia’s interests."
U017,JOUR,"Pasquinelli, Cecilia",2013,"Competition, cooperation and co-opetition: unfolding the process of inter-territorial branding",Urban Research & Practice,6,1,18,10.1080/17535069.2012.727579,
U018,JOUR,"Kılıç, Binali",2021,ÇİN’İN KUŞAK VE YOL GİRİŞİMİNİN TÜRKİYE’NİN TURİZMİNE BEKLENEN OLASI YANSIMALARI,the Journal of Academic Social Sciences,113,121,134,10.29228/asos.48560,
U019,JOUR,"Zengin, Burhanettin; Koç, I.",2021,YENİ İPEK YOLU TİCARET HATTININ TÜRKİYE TURİZMİ AÇISINDAN DEĞERLENDİRİLMESİ,Journal of Gastronomy Hospitality and Travel (JOGHAT),,,,10.33083/joghat.2021.95,
U020,JOUR,"Deng, Tao-Tao; Hu, Yu-Kun",2018,Modelling China’s outbound tourist flow to the ‘Silk Road’: A spatial econometric approach,Tourism Economics,25,1167,1181,10.1177/1354816618809763,"With the ancient Silk Road as the historical background, the ‘Belt and Road’ initiative aims to foster common development of regional economies. Regional tourism development is an essential part of the initiative. Taking 55 countries participating in the initiative as a research sample, the article investigates the determinants and spillover effect of Chinese outbound tourist flows by spatial panel models. Furthermore, we identify different spillover paths from the perspectives of geographic and cultural proximities. The results confirm that there exist significant positive spillover effects in tourist flows among countries with geographic proximity. Meanwhile, there exist significant positive spillover effects in tourist flows among countries with cultural proximity. In addition, geographic and cultural distances between China and tourist destinations have negative impacts on Chinese outbound tourist flow."
U021,GEN,"Winter, T.",2016,"One Belt, One Road, One Heritage: Cultural diplomacy and the Silk Road",,,,,,
U022,JOUR,"Palidan, Maihemuti",2024,KUŞAK VE YOL İNİSİYATİFİ’NİN ÇİN-TÜRKİYE TURİZMİ ÜZERİNDEKİ ETKİSİ: FIRSATLAR VE ZORLUKLARIN İNCELENMESİ,The Journal of Social Sciences,,,,10.29228/sobider.78915,
U023,JOUR,"Chim-Miki, A. F.; Batista-Canino, Rosa M.",2017,The coopetition perspective applied to tourism destinations: a literature review,Anatolia,28,381,393,10.1080/13032917.2017.1322524,
U024,JOUR,"Nakano, R.",2022,A Geocultural Power Competition in UNESCO’s Silk Roads Project: China’s Initiatives and the Responses From Japan and South Korea,Journal of Current Chinese Affairs,52,185,206,10.1177/18681026221094054,"Since Chinese President Xi Jinping announced the Belt and Road Initiative in 2013, China has increasingly engaged in UNESCO’s Silk Roads project. China’s emphasis on its western routes signals its strategic interest in the reconstruction of its historical connections that matches China’s global networking in Eurasia, the Middle East, and Europe. However, whether China will successfully reformulate the international visions of the past, present, and future for its benefit remains an open question. This article focuses on the responses from Japan and South Korea, both of which hold critical positions as the owners of eastern Silk Roads heritage and the funders of UNESCO’s Silk Roads heritage studies and World Heritage nomination assistance. Extending the conceptual framework of memory infrastructure to the study of heritage politics and diplomacy highlights the competitive aspect of a transnational heritage project in shaping and reshaping historical and contemporary geographical landscapes."
U025,JOUR,"Gnyawali, Devi R.; Charleton, Tadhg Ryan",2018,Nuances in the Interplay of Competition and Cooperation: Towards a Theory of Coopetition,Journal of Management,44,2511,2534,10.1177/0149206318788945,"Progress in coopetition research is impeded by two problems in the literature: (a) superficial conceptualization of simultaneity and outcomes and (b) lack of theorizing about core properties of coopetition and how they influence outcomes. This paper addresses these interrelated problems and charts a path towards a theory of coopetition. We systematically analyze competition and cooperation and illuminate how the interplay between specific aspects of competition and cooperation manifests through unique coopetition mechanisms. We explicate a range of possible outcomes from coopetition—joint value creation for all firms, value creation for individual firms, and value destruction—and suggest that coopetition mechanisms help explain how and why coopetition may lead to varying outcomes. Furthermore, we explain how effective navigation of simultaneity and value creation intent, two fundamental elements of coopetition, may be instrumental in deriving beneficial outcomes. Navigating simultaneity involves balancing competition and cooperation and maintaining both at moderately strong levels, and navigating value creation consists of managing the trade-off between joint value creation and firm value creation without compromising overall value creation. By explaining how coopetition manifests, what its unique underlying properties are, and how such properties influence outcomes, our paper provides a deeper understanding of the phenomenon and progresses the literature towards a theory of coopetition."
U026,JOUR,"Wang, You-Cheng; Krakover, S.",2008,"Destination marketing: competition, cooperation or coopetition?",International Journal of Contemporary Hospitality Management,20,126,141,10.1108/09596110810852122,"Purpose – The purpose of this paper is to understand the business relationships among the tourism industry stakeholders in conducting collaborative destination marketing activities.Design/methodology/approach – This research takes a case study approach by focusing on the investigation of the business relationships among tourism industry stakeholders in Elkhart County, Indiana. Interviews with five staff members from the Elkhart County Convention and Visitors Bureau as well as 32 tourism industry representatives were conducted in order to answer the research questions.Findings – The interview results indicate that different relationships of cooperation, competition and coopetition coexist among the tourism stakeholders. Four cooperative relationships with various degrees of formalization, integration, and structural complexity are involved. In addition, four factors have been identified as affecting this relationship configuration. The perceived relationship between cooperation and competition was also fou..."
U027,JOUR,"Wang, June",2019,"Relational heritage sovereignty: authorization, territorialization and the making of the Silk Roads","Territory, Politics, Governance",7,200,216,10.1080/21622671.2017.1323004,
U028,GEN,"Damayanti, Maya; Scott, N.; Ruhanen, Lisa",2013,A review of the concept of coopetition: Application in tourism,,,135,,,"Coopetition is a concept found in the organizational, management and tourism literature that describes a practical strategy of actors to simultaneously cooperate and compete with other actors. This paper reviews the wider literature of coopetition and identifies four themes namely process, intensity, dynamism, and level of coopetition. Tourism coopetition research addresses all of these themes. Based on the review, coopetition is a dynamic behaviour of the actors influenced by internal and external factors and, an actor's decision to compete or cooperate may change the process and intensity of coopetition. A tourist destination as a colocation of various actors provides an opportunity to study coopetition at multiple levels as well as exploring the overlap of these themes in particular situations."
U029,JOUR,"Chaziza, Mordechai",2021,China’s New Silk Road Strategy and the Turkish Middle Corridor Vision,Asian Journal of Middle Eastern and Islamic Studies,15,34,50,10.1080/25765949.2021.1881326,"Abstract Turkey is one of the main regional powers in the Middle East, a member of OECD and NATO, a quasi-member of the European Union (EU), and an Islamic Turkic-speaking country with a close relationship with Central Asia. The article’s main argument is that China’s strategic partnership framework with Turkey is based on shared or mutual complementary economic and commercial interests, especially the integration of Turkey’s Middle Corridor vision into the Belt and Road Initiative (BRI). However, the synergy between the two grand schemes largely depends on the quality of the bilateral relationship and the development of the Sino-Turkish relations to a comprehensive strategic partnership. As one of the leading powers in the Middle East, Ankara also has a vital part to play in China’s BRI which aims to build links between East Asia, Central Asia, West Asia, Africa, and Europe both overland and by sea."
U030,JOUR,"Kostopoulou, S.; Sofianou, Paraskevi-Kali; Tsiokanos, Konstantinos",2021,Silk Road Heritage Branding and Polycentric Tourism Development,Sustainability,,,,10.3390/su13041893,"Cultural heritage, considered as a tool for sustainable tourism development and place branding, makes a destination appealing to visitors; hence, cultural heritage tourism can be a driving force for economic growth in cities and regions. Polycentricity is a useful multi-scalar concept in spatial theory that describes how adjacent urban centers can interact with each other, creating synergies and generating broader spatial networks. Cultural heritage and tourism, perceived as important factors of integration in a polycentric spatial structure, can further promote regional branding strategies. In this paper, a polycentricity index is introduced as a methodological tool for networking cultural heritage destinations, with an application to the Silk Road heritage. Silk Road cultural assets traced on the historical Silk Road routes linking East and West, can serve as tourist attraction poles and as an essential component for branding destinations through networking at various spatial scales. The Region of Eastern Macedonia and Thrace in Northern Greece, endowed with a plethora of Silk Road cultural assets, most of which are still untapped, is used to highlight the proposed methodology. The ultimate objective is the designation of polycentric destination networks based on Silk Road assets, in order to build regional branding opportunities over the Region."
U031,JOUR,"Winter, T.",2020,Silk road diplomacy: Geopolitics and histories of connectivity,International Journal of Cultural Policy,26,898,912,10.1080/10286632.2020.1765164,"ABSTRACT The Silk Road has become one of the key geocultural and geostrategic concepts of the twenty-first century. Identified by two routes – maritime and overland, the Silk Road stretches across the Indian Ocean and Eurasian landmass; regions that will be of paramount importance in an increasingly multi-polar world. Through Belt and Road, China proclaims to be ‘reviving’ the Silk Road for the twenty-first century; ambitions that are creating forms of diplomacy across multiple sectors and countries. To contextualise such developments, this paper examines the Silk Road’s historical formation as an arena of diplomacy and international cooperation. It argues that this stylised, romanticised depiction of pre-modern globalisation came to be associated with peace and harmony, cosmopolitanism and inter-cultural dialogue after World War II. Within this, however, Silk Road diplomacy has served as a vehicle for nationalist and geopolitical ambitions. The paper argues such entanglements underpin China's Belt and Road Initiative today."
U032,JOUR,"Wang, Ji-Nan; Sun, De-Gang",2024,China and Türkiye’s Strategic Cooperation in the 21st Century: A ‘Complex Role’ Prism,Journal of Balkan and Near Eastern Studies,26,732,749,10.1080/19448953.2024.2308974,"ABSTRACT China and Türkiye, the two pivotal states with global political, economic, and cultural influence, are located at the two ends of East Asia and West Asia, respectively. They are both rising, non-western, and authoritarian powers. Thus, they should have built a strategic partnership. However, unlike China’s comprehensive strategic partnerships with Algeria, Egypt, Saudi Arabia, Iran, and the UAE, the relations between China and Türkiye have been at a low level of strategic cooperation since 2010. To de-mystify the puzzle, this paper integrates agent, relations, and structure, puts forward a ‘complex role’ hypothesis, and argues that China and Türkiye have three layers of bilateral, regional, and global roles, and their role conceptions, expectations, and performances have divergent trajectories. The compatible, competitive, and conflicting roles between Beijing and Ankara constitute both dynamics and restraints of their partnership. The two sides perceive each other as a mix of economic partners, political competitors and security rivals. To foster bilateral relations in the new era, the two Republics should manage their role competition and conflict, and enhance role compatibility in bilateral ties and multi-lateral arenas through inter-institutional convergence and role adaptation."
U033,JOUR,"Akçay, Nurettin; Guo, Chang-Gang",2023,Türkiye's Middle Corridor and China's BRI: Identification and Assessment,Insight Turkey,,,,10.25253/99.2023251.4,
U034,JOUR,"Dadabaev, Timur",2018,"“Silk Road” as foreign policy discourse: The construction of Chinese, Japanese and Korean engagement strategies in Central Asia",Journal of Eurasian Studies,9,30,41,10.1016/j.euras.2017.12.003,"Through analysis of the evolution of the Japanese, Chinese and South Korean narratives of the Silk Road, this paper argues that the content and the nature of these Silk Road strategies changed with time and the international environment. Thus, this paper claims that, the notion of the Silk Road has changed from a static concept of a historical trade route into a product of social construction of a number of powerful states – strategies that are constantly shaped, imagined and re-interpreted. In this sense, the Silk Road is not a foreign policy doctrine but rather a discursive strategy of engagement that largely exists in the realm of narration. This narration is also a matter of social construction that is subject to change depending on the international environment of the country (China, Japan, Korea, etc.) that produces such narratives, context of a receiving region, the alternative narratives that compete for wider international acceptance and the country's vision of “self” and the “other” in the international context."
U035,JOUR,"Winter, T.",2020,The geocultural heritage of the Silk Roads,International Journal of Heritage Studies,27,700,719,10.1080/13527258.2020.1852296,"ABSTRACT Today the Silk Road is proclaimed to be a history and heritage shared by more than four-billion people, incorporating oceans and continents. Governments, museums, authors, filmmakers and heritage agencies have become adept at telling a story of pre-modern globalisation that weaves together a multitude of locations and events stretched across dozens of countries. As one of the most compelling geocultural imaginaries of the modern era, the Silk Road has become a remarkably elastic and seductive concept for heritage making; a paradigm to which a plethora of landscapes and cultural forms are being recovered and preserved, displayed and curated to tell stories of trade, exchange, friendship and cosmopolitan cultures. Through China’s Belt and Road Initiative, media projects and festivals now celebrate Silk Road cuisine, dress, craft, music, dance, or loftier ambitions of civilisational dialogue. Little attention has been paid to how this fast proliferating narrative of history is emerging as a vast platform for heritage making, museology and cultural policy. This paper takes up such themes, tracing how the concept has evolved since its invention in the late nineteenth century. This provides the foundations for more critical readings of the Silk Road as a unifying concept of heritage and history."
U036,JOUR,"Farmanov, Erkin; Farmanov, Utkir; Zoltán, Bujdosó; Dávid, L.",2026,Capacity without passengers: a five-condition framework for converting Silk Road freight corridors into sustainable heritage tourism corridors,Frontiers in Sustainable Tourism,,,,10.3389/frsut.2026.1948903,"Belt and Road investment has produced an unprecedented expansion of transport capacity along the historic Silk Road, yet almost all was built for freight, not people. The question is under what conditions a freight corridor converts into a functioning international heritage–tourism corridor, defined independently of the conditions by cross-border tourist flows, multi-country itineraries, heritage-node use, and integrated tourism products. This study developed a five-condition conversion framework—a heuristic scorecard, not a validated model—comprising a gateway condition, scheduled cross-border passenger service (C1); two facilitating conditions, mobility facilitation (C2) and single-transaction ticketing (C3); a heritage-access condition, heritage-proximate nodes (C4); and a sustainability safeguard, absorptive capacity (C5). This study applies it to the Trans-Caspian, China-Central Asia, Southern (Iran-Türkiye), and China-Laos Railway corridors, drawing on UNESCO, operator, timetable, and tourism-demand sources, 2021–2026. Only the China-Laos Railway corridor (Kunming-Vientiane) shows the clearest signature of conversion—growing cross-border passenger flows to heritage-proximate nodes—though multi-country itineraries and integrated products are inferred, not directly observed. It satisfies C1 and C4 but only partially C2, C3, and C5, showing ticketing integration and a common third-country visa are enablers, not preconditions, and conversion does not secure sustainability. Measured against this benchmark, the western corridors are heritage-rich but constrained by C1, C3, and C4—scheduled service, interoperable ticketing and heritage-serving routing—not by heritage endowment or visa policy: these are institutional, not capital, problems. Modal analysis shows the emissions-minimizing rail configuration distributes visitor expenditure most widely. This study argues that cross-border passenger volume, not freight tonnage, should be a headline corridor indicator."
U037,JOUR,"Daye, M.; Charman, Ken; Wang, Yan; Suzhikova, Balzhan",2020,Exploring local stakeholders’ views on the prospects of China’s Belt & Road Initiative on tourism development in Kazakhstan,Current Issues in Tourism,23,1948,1962,10.1080/13683500.2019.1700941,"ABSTRACT This exploratory study examines the attitudes of tourism, civic and business stakeholders in Kazakhstan to China’s proposed Belt and Road Initiative (BRI). It aims to determine the applicability of Social Exchange Theory (SET) in measuring local attitudes towards the likely impacts of the multi-sectoral, transboundary mega projects of the BRI on tourism development in the destination. In addressing this gap in research on attitudes to tourism development in this wider regional context, the study confirms the utility of SET as an explanatory framework in benchmarking stakeholders’ attitudes towards the implications of the BRI for tourism development. The findings suggest that while there is a strong support for the economic value of China’s BRI for the sector, there are some concerns that it may undermine local autonomy and Kazakhstan’s distinctive brand as a tourist destination."
U038,JOUR,"İbiş, Salim; Batman, Orhan",2018,TÜRKİYE’YE GELEN ÇİNLİ TURİSTLERİN SEYAHAT MOTİVASYONLARI ÜZERİNE BİR ARAŞTIRMA,Hitit Üniversitesi Sosyal Bilimler Enstitüsü Dergisi,,,,10.17218/hititsosbil.346388,"Cin, son yillarda ekonomik olarak hizla gelisen ve dunyaya acilan bir ulke konumundadir. Cin, uluslararasi turizm pazarinda da hizli buyume gostererek en cok harcama yapan ulke konumuna gelmistir. Cin turizm pazari dunya genelinde ilgi cekmeye baslamistir. Pek cok ulke bu pazardan pay alma cabasi icerisine girmistir. Ancak Turkiye’ye gelen Cinli turist sayilari uluslararasi seyahat eden turist sayisi ile kiyaslandiginda oldukca dusuk seviyelerde oldugu gorulmektedir. Alternatif turizm pazarlarina ihtiyac duyan Turkiye’nin bu pazardan daha fazla pay almasi gerektigi dusunulmektedir. Bu dusunceden yola cikilarak calismada Cin turizm pazarinin incelenmesi ve Cinli turistlerin seyahat motivasyonlarinin belirlenmesi amaclanmistir. Bu amac dogrultusunda Istanbul’u ziyaret eden 131 Cinli turist uzerine anket teknigi ile veriler toplanmis, frekans analizi, farklilik testleri, aciklayici faktor analizi ve dogrulayici faktor analizi yapilmistir. Arastirma sonucunda cekici motivasyonlarin, dogal ve kulturel olanaklar, etkinlikler, kalite ve guven, alisveris olanaklari, fiyat ve uygunluk olmak uzere 5 boyuttan olustugu, bu boyutlarin bazi demografik ozelliklere gore farkliliklar gosterdigi gorulmustur."
U039,JOUR,"Cihangir, Emine; Şeremet, M.; Cihangir-Çamur, K.",2022,Turkey at the crossroads: a study of geopolitics and tourism re-alignment,Geography,107,145,152,10.1080/00167487.2022.2114165,"ABSTRACT This article examines the development of tourism in Turkey. It focuses mainly on the relationship between the country’s shifting geopolitical alignment and the recent changes in the countries of origin of its international tourist clientele. The study outlines geopolitical aspects of tourism, highlighting how it can be part of government strategies to reﬂect shifting geopolitical alliances and relationships. In the case of Turkey, there has been something of a move away from Europe and NATO towards enhanced relations with Russia and China. The article draws on an analysis of ofﬁcial statistics, interviews with key stakeholders in the Turkish tourism sector and direct ﬁeld observations at tourist sites."
U040,GEN,"Abula, Ayinuer",2019,Türkiye ve Çin Halk Cumhuriyeti arasında turizm ve turistik ticaret potansiyellerinin değerlendirilmesi,,,,,,
U041,JOUR,"Bengtsson, M.; Kock, S.",1999,Cooperation and competition in relationships between competitors in business networks,Journal of Business & Industrial Marketing,14,178,193,10.1108/08858629910272184,"Traditionally the relationships between competitors in the industrial market have been based on competition. The network approach and literature about strategic alliances have provided new insights into cooperation between firms based on the value chain. The empirical findings from two in‐depth studies, the rack and pinion industry and the lining industry, show that a firm can be involved in four different types of horizontal relationships at the same time. Apart from relationships consisting of competition or cooperation, a firm can live in symbiosis by coexisting with other relationships, or being involved in a relationship simultaneously containing elements of both cooperation and competition. Consequently, a successful firm needs to focus on relationship management in order to achieve a portfolio consisting of the four types of relationships to other horizontal firms."
U042,JOUR,"Werner, Kim; Dickson, G.; Hyde, Kenneth F.",2015,Coopetition and Knowledge Transfer Dynamics: New Zealand’s Regional Tourism Organisations and the 2011 Rugby World Cup,Event Management,19,365,380,10.3727/152599515x14386220874841,"To ensure the success of Rugby World Cup (RWC) 2011 in New Zealand, regional tourism organizations (RTOs) were expected to collaborate with each other as part of developing a nationwide approach to the event, while simultaneously competing for visitor nights and spending. Simultaneous cooperation and competition is referred to as coopetition. Relatively little is known about the impact of coopetition on knowledge transfer dynamics. The study analyzes how coopetition among the RTOs affected knowledge transfer dynamics between RTOs in the RWC 2011 context. The study utilized an exploratory, qualitative case study approach. Twenty-five semistructured interviews with CEOs and senior managers from RTOs were conducted both preevent and postevent. A formal survey and a documentation review triangulated the findings. The results indicate that a continuum of competition and collaboration (i.e., coopetition) was present in the RTO network for RWC 2011, which restricted the flow of potentially useful knowledge and information. The set up of RWC 2011—especially the regional bidding process to host teams and matches—played an essential role and impeded interregional collaboration and knowledge transfer while simultaneously facilitating competition among the RTOs. The study concludes that coopetition can hinder the sharing and transfer of knowledge in a destination marketing and mega-events context. The study thus addresses the call for research in this field and enhances understanding of how to better leverage mega-events in the future."
U043,JOUR,"Nakano, R.; Zhu, Yu-Jie",2020,Heritage as soft power: Japan and China in international politics,International Journal of Cultural Policy,26,869,881,10.1080/10286632.2020.1845322,"ABSTRACT The recent development of heritage industries and national heritage promotions in non-Western countries opens a new space for international cooperation and competition in ways that directly link to the power-political relations between states. What motivates these countries to accelerate their efforts to promote their cultural heritage internationally? Are such dynamics different from how cultural heritage is constructed and used in Western countries? This study conceptualises heritage as soft power in terms of culture, values and foreign policies, and by focusing on Japan and China, it examines the ways and motives of using cultural heritage as soft power. Although Japan and China are distinctly different countries, both share a remarkably similar approach to the construction and promotion of national heritage when participating in international heritage platforms. The present study’s findings suggest that the promotion of cultural heritage is not only a feature of nation-building and nation-branding but also feeds into global and regional competitions over the attainment of cultural and moral supremacy."
U044,JOUR,"Debarbieux, B.; Bortolotto, C.; Munz, H.; Raziano, Cecilia",2021,Sharing heritage? Politics and territoriality in UNESCO’s heritage lists,"Territory, Politics, Governance",11,608,624,10.1080/21622671.2020.1854112,"ABSTRACT UNESCO heritage policies encourage the idea that heritage should be ‘shared’ at the international scale, and invite states and the involved actors to adopt this vision. Yet, ‘sharedness’ can be understood in many different ways. This paper explores several territorial and political issues related to this notion of sharedness. A focus on the uses of a particular UNESCO tool – ‘multinational nominations’ – sheds a light on transnational cultural practices and examines forms of cooperation within communities and between states in the framework of the Convention for the Safeguarding of the Intangible Cultural Heritage (ICH). Specifically, it analyses the work of a French commission for the ICH as well as the nomination processes of three different cultural practices to the ICH lists: flamenco, falconry and alpinism. It is argued that ‘shared heritage’ is interpreted in a variety of ways, leading to contrastive appropriations and competing territorial scenarios among the various protagonists."
U045,JOUR,"Peresolova, Alla",2020,The Silk Road: Unlocking the Tourism Potential Through Collaboration,China and the New Silk Road,,,,10.1007/978-3-030-43399-4_16,
U046,JOUR,"Chim-Miki, A. F.; Batista-Canino, Rosa M.",2018,Development of a tourism coopetition model: A preliminary Delphi study,Journal of Hospitality and Tourism Management,,,,10.1016/j.jhtm.2018.10.004,"Abstract While coopetition behavior has been explored in various studies from different points of view, tourism coopetition and models to measure coopetition capacity have not received similar attention. In this study, we aim to develop an explanatory model of coopetition in tourism destinations. A theoretical review provided a list of factors and environmental conditions to favor coopetition behavior. Later, a Delphi technique was used to better define the model of Tourism Coopetition. An expert panel analyzed a list of 47 indicators derived from coopetition literature grouped in seven factors and narrowed them down to the 30 most important indicators of coopetition related to tourism destinations. The findings show that a coopetition model in a tourism destination is determined by seven factors: co-location, associationism, competition, cooperation, strategic management, co-entrepreneurship, and co-production. This research has a twofold implication: it provides a means of monitoring the strengths and weaknesses of a tourism destination toward coopetition behavior and therefore, it can be used to optimize stakeholder relationships to increase the competitiveness in the hospitality and tourism industry, as well as inspiring other researchers in this field."
U047,JOUR,"Bhoothalingam, Ravi",2016,The Silk Road as a Global Brand*,China Report,52,45,52,10.1177/0009445515613869,
U048,JOUR,"Nguyen, L.; Pearce, D.",2015,Joint destination marketing in the South Central Coast region of Vietnam,Journal of Destination Marketing and Management,4,88,97,10.1016/j.jdmm.2015.03.001,"Abstract This paper examines joint destination marketing in Vietnam, a transitional economy experiencing a rapid growth in tourism. Based on in-depth interviews with representatives of provincial destination marketing organizations (DMOs) and the analysis of their web-sites, the paper considers destination marketing by the eight provinces of the South Central Coast, the most dynamic tourism region in Vietnam. A comparative approach is adopted to examine the mix of individual and joint destination marketing activities undertaken by the DMOs, to analyze the relationships and structures through which joint destination marketing occurs and to identify the factors that influence individual and joint destination marketing. Despite major political, economic and cultural differences in the setting and the relatively recent development of tourism there, similarities are found between destination marketing in the region and that which occurs in developed economies. It is likely that these similarities will increase as Vietnam continues down the path towards a more open market-oriented economy. A mix of individual and joint destination marketing occurs, motivated or conditioned by economic factors and behavior that is both competitive and cooperative. Other influential factors include the diversity and complementarity of products which satisfy visitors׳ total experience, enhanced market reach and economic conditions. This analysis and the distinction between individual and joint destination marketing brings out inter-connections and tensions, and highlights the trade-offs which DMOs are faced with making in their destination marketing strategies."
U049,JOUR,"Chim-Miki, A. F.; Costa, R. A. da; Oliveira-Ribeiro, Rodrigo",2023,"Tourism coopetition for a better world: a cycle of creation, appropriation, and devolution of social value",Current Issues in Tourism,27,3150,3164,10.1080/13683500.2023.2254448,"ABSTRACT Coopetition is a win-win game to obtain competitive advantages through value creation and appropriation. Strategic networks for tourism development must consider who benefits from the value created, which in this case is society. This research examines the effects of tourism coopetition on the social value cycle, creation-appropriation and devolution of value to society. The methodology used is quantitative, through partial least squares structural equation modelling (PLS-SEM). Data collection was carried out in Areia City, Brazil, a historical heritage tourism destination, and the sample includes 539 respondents. Results demonstrated that tourism coopetition could lead to the same benefits as social businesses and provide social value devolution if it focuses on society-centric tourism development. Practical implications indicated drivers generate social value for tourism. Besides creating and devolving value to society, coopetition in tourism indirectly improves the appropriation of the collective value created by the networks. It is another way of balancing the negative impacts of competition or societal asymmetries. Furthermore, this study developed the concepts of tourism social value creation, appropriation, devolution and society-centric tourism development, which are fundamental contributions from the tourism sector."
U050,JOUR,"Pechlaner, H.; Thees, Hannes; Manske-Wang, W.; Scuttari, A.",2019,Local service industry and tourism development through the global trade and infrastructure project of the New Silk Road – the example of Georgia,The Service Industries Journal,41,553,579,10.1080/02642069.2019.1623204,"ABSTRACT The Belt and Road Initiative (BRI) of the Republic of China is a global infrastructure project with high trade ambitions, but uncertain regional outcomes. This exploratory analysis investigates the drivers and the processes enabling positive regional effects of the BRI in terms of local service industry development. Under the interpretation of the BRI as a global transport system, we identify and explore three levels of analysis: the global scale of the BRI, the regional scale of its corridors and the local scale of transit regions. Along the Trans-Caspian corridor, Georgia is analyzed as a unique example of transit region aiming deliberately to develop its tertiary sector around the BRI infrastructure. To assess the attitude of stakeholders towards the BRI and its impacts on local service development, a qualitative research strategy is applied. Nineteen semi-structured interviews are processed using the GABEK method. Results reveal uncertain positions towards the BRI initiative. However, a need for a national strategy and a transnational governance system clearly stands out to enforce transit countries and counterbalance the dependency on China’s foreign investments. The intervention of national governments is deemed as crucial also to facilitate knowledge transfer, business opportunities and to increase bottom-up participation of local inhabitants."
U051,JOUR,"Fayzullaev, Kamoliddin; Cassel, S. H.; Brandt, Daniel",2018,Destination image in Uzbekistan – heritage of the Silk Road and nature experience as the core of an evolving Post Soviet identity,The Service Industries Journal,41,446,461,10.1080/02642069.2018.1519551,"ABSTRACT The purpose of this research is to analyze the destination image of Uzbekistan presented by the DMO and the destinations images emerging from user generated content in social media posts. In this study, promotional images and user-generated images on the platform Instagram were examined by using content-semiotic analysis. The main findings show that the destination image of Uzbekistan is dominated by heritage and reference to ancient cultural traditions of the region. However, the image represented through user generated content on Instagram is more diverse and to a larger extent depict the destination through natural heritage and experiences in the natural landscape. Furthermore, Uzbekistan is concurrently trying to create a post-Soviet identity through a focus on its history prior to the Soviet past, with focus on heritage of the Great Silk Road which highlight that destination image construction is related to geo-political processes in society which includes contestations of national identity."
U052,JOUR,"Bengtsson, M.; Eriksson, Jessica; Wincent, J.",2010,Co‐opetition dynamics – an outline for further inquiry,Competitiveness Review: An International Business Journal Incorporating Journal of Global Competitiveness,20,194,214,10.1108/10595421011029893,Purpose – The purpose of this paper is to conceptually develop the understanding of co-opetitiondynamics and to enhance the conceptual clarity of co-opetition by developing a definition based onpre ...
U053,JOUR,"Winter, T.",2015,Heritage diplomacy,International Journal of Heritage Studies,21,1015,997,10.1080/13527258.2015.1041412,
U054,JOUR,"Xu, Honggang; Wang, Ke; Song, Young-Mi",2018,Chinese outbound tourism and soft power,"Journal of Policy Research in Tourism, Leisure and Events",12,34,49,10.1080/19407963.2018.1505105,"ABSTRACT A boom in Chinese outbound tourism representing a much welcome boost to the economy of other countries has drawn global attention. Drawing upon the concept of soft power, this study explores how China use outbound tourism as an exercise of soft power, what achievements are related to this, and looks at the challenge and dilemmas that are related to this issue. It is found that tourism based soft power is being built both through government policies, which include approved destination status, tourism culture activities, tourism foreign aid and tourism cooperation as well as interactions amongst the tourists and hosts in addition to businesses. This study argues that the outcomes depend mainly on its economic power, agenda-setting, and somewhere between hard and soft power, rather than upon the country's attraction. It also establishes that soft power building through Chinese outbound tourism may be more effective in the Southeast Asian, Asia-Pacific, African and South American countries than in Western countries due to closer economic relationships, cultural similarities and shared beliefs."
U055,JOUR,"İbiş, Salim",2019,Yeni İpek Yolu Projesi ve Türkiye Turizmine Olası Yansımaları,Journal of Business Management and Economic Research,,,,10.29226/tr1001.2019.103,
U056,JOUR,"Nalebuff, B.; Brandenburger, A.",1997,Co‐opetition: Competitive and cooperative business strategies for the digital economy,Strategy & Leadership,25,28,33,10.1108/eb054655,"The words we use influence how we think. For example, when we think about business, most of us would probably say “Business is War.” A company has to capture J the market, beat the competition, make a killing, bury the competition. Using this metaphor, we have a whole vocabulary of winners and losers. Yet, in reality, thats often misleading. We may think there will be victors and vanquished in a price war, but in the end, no one wins."
U057,JOUR,"Çalışkan, Uğur; Saltik, I. A.; Ceylan, R.; Bahar, O.",2019,Panel cointegration analysis of relationship between international trade and tourism: Case of Turkey and silk road countries,Tourism Management Perspectives,,,,10.1016/j.tmp.2019.07.003,"Abstract Tourism development has been examined from various aspects and studies examining relations between tourism and other sectors are increasing. This study tests the relationship between the incoming tourists and volumes of import and export of Turkey and 13 Silk Road countries, through Panel ARDL. The study is important since it is thought to be the first to check the relation between tourist flows and trade amongst the Silk Road countries. Findings point out that even though there are differences in short-term and long-term relations, tourist flows and international trade are related, which indicates that international trade is important for tourism development."
U058,JOUR,"Tse, T.",2013,Chinese Outbound Tourism as a Form of Diplomacy,Tourism Planning & Development,10,149,158,10.1080/21568316.2013.783738,
U059,JOUR,"Ma, Li-Rong",2014,Sino-Turkish Cultural Ties under the Framework of Silk Road Strategy,Journal of Middle Eastern and Islamic Studies (in Asia),8,44,65,10.1080/19370679.2014.12023242,
U060,GEN,"Palidan, Maihemuti",2018,Çinli Turistlerin İstanbul’daki turistik ürünleri satın almalarında acenta ve internet aracılığı etkilerinin araştırılması,,,,,,
U061,JOUR,"Redi, Francesco",2019,Enhancing Coopetition Among Small Tourism Destinations by Creativity,Sustainable Tourism,,,,10.4018/978-1-5225-2016-0.ch011,"This chapter addresses on coopetition among tourism destinations with a focus on small ones and investigates on existing experiences, elaborating on the benefits of combinations with creative strategies and actions. Small destinations can achieve competitive advantages and access to strategic resources by adopting a cooperative behavior that, as observed, has no borders both geographical and of contents. Creativity can enhance coopetitive strategies and, consequently, gives positive impacts and advantages to tourism destinations. This area of research can be enriched with more contributes to assess costs and benefits in order to allow an evaluation of results and the designing of effective strategies. When adopting a coopetition strategy among destinations, the author foresees positive impacts and the achievement of economies and synergies that allow the increasing of the competitive advantage."
U062,JOUR,"Rusko, Rauno",2018,Chapter 4 Coopetition for Destination Marketing: The Scope of Forging Relationships with Competitors,Tourism Planning and Destination Marketing,,,,10.1108/978-1-78756-291-220181004,"Abstract This chapter focuses on the coopetition features of tourism and specifically of tourism destinations. Because of the typical features of tourism destinations, coopetition might be a particularly important theme in the literature on tourism. However, the number of tourism studies that have focused on, or at least mentioned, coopetition is surprisingly small. Regarding tourism destinations, co-location causes different forms of coopetition situations, which are not very common in geographically diffused industries. Furthermore, the basic idea of one joint tourism product, such as the experiences of a tourist in a tourism destination, forces the (competing) suppliers of services in the resort to cooperate. Co-location causes a situation in which the competing firms in the area have joint branding and marketing activities. Destination marketing organisations are an important form of coopetition activities in tourism. In addition to co-location, seasonality is one of the specific features of coopetition in tourism destinations. This study combines the outcomes of several publications and other empirical materials about coopetition in tourism."
U063,JOUR,"Bedir, Ömer",2024,Development of Cultural and Faith Tourism in SCO and Turkic States: Uzbekistan's Potential and the Exemplary Turkish Case,Journal of Multidisciplinary Academic Tourism,,,,10.31822/jomat.2024-9-2-157,"This article treats Turkish tourism sector's recent changes, focusing on its increasing relationships with the Shanghai Cooperation Organization (SCO) countries and Turkic states. The paper examines about Turkiye's efforts to expand its tourism partnerships beyond its traditional European allies and emphasizes its cooperation with SCO member countries such as Russia, Kazakhstan, Kyrgyzstan, Tajikistan, and Uzbekistan. Furthermore, it underlines Turkey's efforts to revive the ancient Silk Road—particularly through the ""Middle Corridor"" plan—in an effort to increase Turkic states' cultural, economic, and tourist collaboration. Cultural and religious tourism in the Turkic states is highlighted, with a particular emphasis on Turkiye and Uzbekistan. The paper concludes with practical proposals to further develop of cultural and faith tourism, i.e. effective promotional campaigns, cheap flights, and visa-free travel. Generally, the article provides a thorough overview of Turkiye's ever expanding tourism sector as well as its strategic efforts to promote significant cooperation within the SCO region."
U064,GEN,"Schuhbert, A.; Thees, Hannes",2020,Of routes and corridors: Challenges and opportunities for Silk Road destinations in the southern Caucasus,,6,21,29,10.5281/zenodo.3835829,"Purpose: Under the title of Belt-and-Road-Initiative (BRI), China has launched a global development program, which spans many regions and sectors. Tourism initiatives in particular, can occupy an interlinking position between infrastructure and services, and between global and local projects. This paper addresses the problem of the global-local link by critically examining a case at the southern Caucasus, as tourism is considered as a key industry for economic diversification in all three countries examined. Methods: Based on a mixed qualitative and quantitative approach, the study is about critically investigating the current state of challenges and opportunities for tourism-induced, integrated regional development, with particular focus on potential obstacles for regional and national destination competitiveness. Results: Results reveal that the BRI offers a basis for export-diversification in tourism and non-tourism economic sectors. Azerbaijan has the potential to integrate BRI activities into its local economic system but depends highly on the development of the Trans-Eurasian Corridor and the readiness of local entrepreneurs and institutions to support and extend development initiatives. Implications: The implementation of the BRI offers a significant opportunity for many rural regions to proactively benefit from increasing tourism demand, by linking local initiatives and industries with tourism-related projects embedded in the BRI."
U065,JOUR,"Zhu, Jinsheng Jason; Siriphon, Aranya; Airey, D.; Jin, Mei-lan",2021,Chinese tourism diplomacy: a chinese–style modernity review,Anatolia,33,550,563,10.1080/13032917.2021.1978515,"ABSTRACT Viewed from Chinese-style modernity, this article explores Chinese tourism diplomacy in relation to the development of Chinese outbound tourism. Using public policy analysis, the article examines the role of modern Chinese statecraft in the outbound tourism industry. It identifies four main characteristics in the nature of tourism diplomacy: the economic power of outbound tourism; outbound tourism as sanctionable or rewarding forces; the relatively low political sensitivity and high flexibility of outbound tourism; culture and tourism integration to enhance international relations. The article contributes to the literature by illuminating the interconnectivity between diplomacy and tourism via investigating through China-style modernity. It contributes to a repositioning of the nation-state power metrics of China’s outbound tourism industry."
U066,JOUR,"Zhan, G.",2014,Nomination of the silk road to the world heritage list,The Historic Environment,26,88,,,"Cultural Routes have rapidly become one of the focuses in international cultural heritage protection. The aim of this paper is to give new insights about the Silk Road as a cultural route and its role in the evolution of human civilisation. The Silk Road is the longest Cultural Route with the largest impact in the world. It initially started from the Han Dynasty Chang'an City in the east, an ancient capital of China and the current Xi'an in Shaanxi Province, and extended west to the Mediterranean. The nomination of the Silk Road for inscription on the World Heritage List is on the 2014 agenda of the World Heritage Committee. The nomination has drawn strong interest and participation internationally and among the nominating State Parties. The project for the nomination of the Silk Roads network in China and five Central Asian Republics (Kazakhstan, Kyrgyzstan, Tajikistan, Turkmenistan and Uzbekistan) was the first to start. ICOMOS has made recommendations on the definition and contents of the Silk Road for a transnational World Heritage nomination for the Silk Road. This World Heritage project, an unprecedented man-made miracle, should be conceived as 54 corridors under a framework for the entire Silk Road. Two combinations of corridors have been recommended as a top priority for the initial nomination. The first is the Silk Roads: Initial Section of the Silk Roads, the Routes Network of Tian-Shan Corridors jointly submitted by Krygystan, China, and Kazakhstan. The second is the Silk Roads: Penjikent-Samarkand-Poykent Corridor jointly submitted by Tajikistan and Uzbekistan. With the support from the international peers, the State Parties have summarised some key attributes for the Silk Roads in Krygystan, China, and Kazakhstan. Such attributes should adequately support this section of Silk Roads to be inscribed on the World Heritage List."
U067,JOUR,"Proń, Elżbieta",2025,Silk Road legacy and China’s cultural diplomacy in Sino-Uzbek relations,Nowa Polityka Wschodnia,,,,10.15804/npw20254701,"In the mid-2020s, Uzbekistan became China’s primary strategic partner in Central Asia (CA). Sino-Uzbek ties’ political and economic nature has been well-researched, but there is a research gap regarding China’s cultural diplomacy towards Uzbekistan. This paper fills this gap by providing a scrutiny of China’s instrumentalization of the Silk Road legacy, the use of archaeological cooperation as a diplomatic tool, and China’s educational diplomacy towards Uzbekistan. It argues that while China’s cultural diplomacy towards Uzbekistan has been built upon China’s diplomacy in Central Asia, Beijing designed it carefully, recognizing the distinctiveness of Uzbekistan’s political and cultural traditions. China’s cultural diplomacy towards Uzbekistan has been mainly fostered via top-down initiatives from Beijing, Xi’an academic and cultural institutions, and professional and academic exchange rather than people-to-people bottom-up interactions. As such, this paper contributes to research on the legacy of the Silk Road in Chinese foreign policy, Sino-Uzbek relations, and China-Central Asian studies."
U068,JOUR,"Shayegan, M.; Tishehyar, M.",2022,Tripartite tourism trade cooperation through the belt and road initiative,BULLETIN of the L.N. Gumilyov Eurasian National University.Political Science. Regional Studies. Oriental Studies. Turkology Series.,,,,10.32523/2616-6887/2022-139-2-151-184,"""Silk Road Economic Belt"" and the ""21st Century Maritime Silk Road"" are part of China's multi-level, and complex network to revive the ancient Silk Road and reconnect countries along with it and others. Today, the tourism industry plays a prominent role to improve the economic growth and welfare of countries and it has an outstanding impact on global transformation, integration, and cultural reforms. BRI is not just a transport network but also contains cultural, and political aspects and emphasis on friendship, peace, cooperation, and mutual understanding and benefit. China seriously peruses tourism trade since 2015 under the BRI by offering “the Building of an Integrated Tourism Market along the Silk Road”. China and Iran two ancient Asian countries with extremely numerous historical and cultural treasures in their hearts, along with the newly independent Republic of Kazakhstan -with economic and security advantages-, can implement large-scale economic-cultural programs in the framework of the BRI project, in the term of Tourism Industry. This article aims to examine Tripartite Tourism Trade Cooperation between Iran, Kazakhstan, and China through the Belt and Road Initiative, Despite all economic and political constraints, enormous sanctions against Iran. More specifically Iran, along with Kazakhstan, could overcome a bunch of these substantial problems and expand their cooperation in the shadow of BRI, with the support of China."
U069,JOUR,"Grängsjö, Yvonne von Friedrichs",2003,Destination networking: co-opetition in peripheral surroundings.,International Journal of Physical Distribution & Logistics Management,33,427,448,10.1108/09600030310481997,Owing to the complexity of the tourist product most firms in a tourist destination are interdependent on one another. As well as being competitors they also have to work together on creating the overall quality of the total tourist product. It is difficult to separate co‐operation from competition. The purpose of this paper is to discuss a co‐opetitive theory of business derived from the results given by a networking study of marketing a tourist destination dominated by micro businesses and independent entrepreneurs. The results of the study show that there are two different sets of values in the destination and these determine and distinguish the way firms are involved in networking.
U070,JOUR,"Schuhbert, A.; Thees, Hannes; Herbold, Valentin; Weinreiter, Johanna; Kantsperger, Markus",2020,Cultural Tourism Routes as Incubators for Innovation and Economic Diversification: A Potential Analysis in the Framework of the New Silk Road Initiative in Azerbaijan,Zeitschrift für Wirtschaftsgeographie,64,211,232,10.1515/zfw-2019-0021,"Abstract Cultural routes are today a widespread phenomenon throughout the Industrialized Countries (IC) and have become more and more prominent as a tool for tourism development in recent years (Flognfeldt, 2005:37; Meyer, 2004:5). For countries in the Southern Caucasus, who profit from their bridging position between Europe and Asia, the planned revival of the Ancient Silk Road (ASR) in form of the New Silk Road (NSR) offers substantial potentials for economic diversification by means of tourism as a catalyzing industry. On the case of Azerbaijan, this study analyzes the potential to trigger regional economic diversification within the existing national destination-system in a framework of route development. To this end, the methodological approach builds upon a mix of qualitative and quantitative methods to diagnose the current degree of cluster maturity in the system, following the question of how Azerbaijan as a system of regional destination can access the transnational route system of the NSR."
U071,JOUR,"Gernsheimer, Oliver; Kanbach, Dominik K.; Gast, Johanna",2021,Coopetition research - A systematic literature review on recent accomplishments and trajectories,Industrial Marketing Management,,,,10.1016/j.indmarman.2021.05.001,"Abstract Research in the field of coopetition, which describes firms simultaneously competing and collaborating to create value, has recently gained enormous momentum. Over the period of 2015 to 2020, scholars published more high-quality studies on this subject than in the entire 25-year history of coopetition research. Despite the relevance of these contributions, their fragmented nature and disjuncture from prior studies limit a connected understanding of the current standing of the field. Our analysis addresses this gap by systematically reviewing, comparing, and connecting a selected sample of 161 recent articles with the body of research established prior to 2015. Our study makes three main contributions. We (1) structure and connect past and present coopetition research across five identified research dimensions: Antecedents, execution, interaction, outcomes, and levels of coopetition. We (2) supplement this review with a qualitative trend analysis, identifying emerging themes for the future of the field. By combining past and present perspectives with the future outlook, we (3) provide a comprehensive, unique, and updated perspective on coopetition research, unifying it into a cohesive, overarching framework. Lastly, we explain crucial interdependencies and suggest areas for future research before we conclude the study."
U072,JOUR,"Mozaffari, A.; Akbar, Ali",2023,Heritage diplomacy and soft power competition between Iran and Turkey: competing claims over Rumi and Nowruz,International Journal of Cultural Policy,30,597,614,10.1080/10286632.2023.2241872,"ABSTRACT In this paper, we examine the use of intangible cultural heritage as a vehicle for soft power in the service of geostrategic competitions between Iran and Turkey, two regional powers in West Asia. We focus on two significant trans-regional instances of intangible cultural heritage relevant to both countries: the mystic poet Rumi and the New Year’s celebration of Nowruz. We draw on theories in political science and cultrual heritage as well as a host of sources in Persian, Turkish, and Azerbaijani, to demonstrate how heritage is mobilised concurrently as a nation-building device and a tool for soft power in international relations. We conclude by suggesting that, despite strong grounds for its claims, Iran’s response in this competition has been reactive rather than proactive. Overall, the paper contributes to the scholarship on soft power and heritage diplomacy by presenting the first comparative analysis of cases of shared intangible heritage in West Asia."
U073,JOUR,"Chen, S.-H.; Kuzembayeva, A. B.; Wu, Y.; Abuyeva, N. A.",2026,CULTURAL SOFT POWER AND THE CIVILIZATIONAL STATE: THE USE OF CULTURAL HERITAGE IN CHINA’S FOREIGN POLICY,"Журнал «Известия КазУМОиМЯ имени Абылай хана», серия «Международные отношения и регионоведение»",,,,10.48371/ismo.2026.63.1.013,"This article examines how China employs cultural heritage in its foreign policy as a resource of “cultural soft power” within the framework of the “civilizational state” concept. The aim of the study is to reconstruct the mechanism through which heritage is converted from symbolic capital into a sustainable foreign policy effect and to identify the constraints of this mechanism in transnational arenas.The study adopts a qualitative research design, combining content and discourse analysis of official public texts of the People’s Republic of China (2013–2024) with an analysis of institutional materials related to the UNESCO World Heritage regime. The empirical focus is placed on the serial transnational property Silk Roads: the Routes Network of Chang’an–Tianshan Corridor (ID 1442), conceptualized as a nodal platform where civilizational rhetoric, connectivity projects, and international recognition procedures intersect.The findings indicate that soft power–relevant outcomes are enabled primarily through the institutionalization of meanings: the translation of civilizational argumentation and the “Silk Road” narrative into the language of international legitimation (Outstanding Universal Value), expert procedures, management plans, and monitoring mechanisms, which stabilize interpretations and create an infrastructure for sustained cultural presence. It is argued that without procedural fixation, cultural attractiveness alone does not ensure a durable outcome.The study identifies several constraints on heritage conversion, including competing interpretations of “shared history,” the risk of dominance by a single interpretive center, the politicization of formally “technical” decisions, and asymmetries in resources and “voice” among participants. These factors may undermine trust and provoke symbolic contestation.The scholarly contribution of the article lies in integrating discursive, institutional, and regional levels of analysis and in proposing an explanatory logic of “discourse → institution → effect/constraints.” Its practical relevance is associated with policy recommendations for Central Asian countries (including Kazakhstan) aimed at ensuring procedural equality, transparency of joint governance, and multi-perspective interpretation of heritage within transnational nominations."
U074,JOUR,"Raza‐Ullah, Tatbeeq; Bengtsson, M.; Kock, S.",2014,The coopetition paradox and tension in coopetition at multiple levels,Industrial Marketing Management,43,189,198,10.1016/j.indmarman.2013.11.001,
U075,JOUR,"Mariani, Marcello M.; Kylanen, M.",2014,The relevance of public-private partnerships in coopetition: empirical evidence from the tourism sector,International Journal of Business Environment,6,106,125,10.1504/ijbe.2014.058026,"The formation of coopetition is often triggered by a certain institutional context where the public sector pushes competing co-located companies to cooperate with each other. This situation is particularly important in the tourism sector where relevant public stakeholders support a collaborative attitude and practice among tourism businesses. In this paper, we focus on the role of the public sphere in creating the conditions for the private sector to shift from a constant sum to a variable sum game, wherein public-private partnerships can help private businesses to achieve win-win situations. More specifically, our comparative study shows that public-private relationships are crucial over time in order to strengthen coopetition thus contributing to better development and promotion of a tourism destination and to the improvement of the dialogue inside a business agglomeration."
U076,JOUR,"Liu, Yi-Ming; Suk, Sunhee",2021,Influencing Factors of Azerbaijan and China’s Sustainable Tourism Development Strategy under the One Belt One Road Initiative,Sustainability,,,,10.3390/su14010187,"After the Belt and Road Initiative (BRI) was put forward, the tourism industry between Azerbaijan and China developed rapidly, and gradually became an important area of cooperation between the two countries to promote economic cooperation, non-governmental exchange, and cultural exchange. However, there is currently a lack of research on the development strategy of tourism cooperation between the two countries under the BRI. This paper aims to explore the development strategy of sustainable tourism cooperation between Azerbaijan and China under BRI through a hybrid model of SWOT (Strengths, Weaknesses, Opportunities, and Threats) and AHP (Analytic Hierarchy Process). The factor elements of the SWOT matrix introduce ambiguity due to the complex layering of elemental importance. Therefore, the AHP method was used to systematically evaluate the importance of strategic factors and reduce the subjective bias caused by the SWOT analysis method. By constructing the Delphi-AHP-SWOT strategic quadrilateral and calculating the azimuth of the strategy type, the type and intensity map of the tourism cooperation development strategy between Azerbaijan and China under the BRI is drawn. Finally, it is concluded that the development strategy of tourism cooperation between Azerbaijan and China is a pioneering development strategy. Suggestions are given for future development. This paper provides a valuable experience for the sustainable development of tourism cooperation among countries under the BRI."
U077,JOUR,"Nguyen, Thi Quynh Trang; Johnson, Patricia; Young, T.",2022,"Networking, coopetition and sustainability of tourism destinations",Journal of Hospitality and Tourism Management,,,,10.1016/j.jhtm.2022.01.003,
U078,GEN,"Williams, Tim",2014,The Silk Roads: An ICOMOS Thematic Study,,,,,,"This study specifically aims to: Provide an analysis of sites along the Silk Roads that could be used by States Parties participating in the Serial transnational World Heritage nominations of the Silk Roads as a basis for comparative analyses when nominating serial properties; Profile the distribution and distinctiveness of Silk Roads sites in order to understand how sites are manifestations of the shifting systems of power and patronage that prevailed over time along the Silk Roads, in relation to the organisation of flourishing trade and the protection of trade routes; Define the distribution of Silk Roads sites, in order to understand: what sites are common to the whole extent of the Roads; what sites are specific to the whole Silk Roads or to certain parts of the Roads; what sites are unique or exceptional; which sites are plentiful and how their form varies in time and space; what sites are persistent over time; what sites reflect specific periods of history, power systems or cultural traditions; consider whether certain sections or corridors of the Silk Roads, through the assembly of sites within them, are distinctive from other sections of the Silk Roads, in terms of being manifestations of particular geo-cultural systems, and whether a case could be made for considering the Silk Roads as a collection of World Heritage properties, linked by a concept, instead of one single World Heritage serial property."
U079,JOUR,"Fong, V.; Wong, Ipkin Anthony; Hong, J.",2018,Developing institutional logics in the tourism industry through coopetition,Tourism Management,,,,10.1016/j.tourman.2017.12.005,"Abstract Drawing on the concept of institutional logics, this study advances the coopetition research on tourism destinations. An inductive multi-case study approach is adopted to explore the evolution of coopetitive practices of four tour operators in Macau over the last decade. The findings indicate that actors in a tourism destination respond to the changes of institutional factors by adopting an institutional logic of coopetition, which include five key processes: exploiting, exploring, bridging, sharing and boundary spanning. This paper contributes to the nascent literature on coopetition in tourism destination studies by analyzing the dynamics of co-evolution between the multi-stakeholders’ changing logics of practice and the surrounding institutional environment. The implications of institutional logics and coopetition from a managerial perspective are also discussed."
U080,JOUR,"Mahmudi, Sina",2026,The Role of Iran–China Cultural Relations in Developing Post-COVID Tourism Collaboration,International Journal of Innovative Science and Research Technology,,,,10.38124/ijisrt/26jan668,"The COVID-19 pandemic disrupted global tourism networks, exposing vulnerabilities but also opening opportunities for renewed international cooperation based on cultural exchange. This paper examines the evolving cultural relations between Iran and China and their potential to foster sustainable tourism recovery in the post-pandemic era. Drawing upon academic literature, policy reports, and institutional data, the study analyzes how shared civilizational heritage, cultural diplomacy, and modern initiatives such as the Belt and Road framework can enhance bilateral tourism. Findings reveal that cultural diplomacy acts as a soft-power mechanism that rebuilds trust, enhances destination image, and creates long-term partnerships. Iran’s cultural assets, its Silk Road legacy, UNESCO-listed heritage, and traditions of hospitality, complement China’s outbound travel market and technological advancement. However, barriers such as visa restrictions, flight connectivity, and limited marketing still hinder progress. The study proposes a policy roadmap focused on visa facilitation, joint governance, digital diplomacy, product adaptation, and data measurement. By embedding culture into tourism policy and adopting evidence-based management, Iran and China can transform their historical friendship into a model of resilient, inclusive, and mutually beneficial post-COVID cooperation."
U081,JOUR,"Song, Xi; Mo, Ziying; Liu, M.; Niu, Ben; Huang, Li",2021,Cooperator or supporter: how can cross-boundary Macau–Zhuhai metropolis promote regional tourism together?,Asia Pacific Journal of Marketing and Logistics,,,,10.1108/apjml-02-2021-0137,"PurposeThis study initiated an investigation of how the Macau–Zhuhai tourism cooperated and discussed how Macau and Zhuhai could join hands to develop tourism in the region. The study demonstrated an approach for destination marketing organizations to explore online tourist-generated content and to understand tourists' perceptions of the destination image (DI).Design/methodology/approachA total of 1,291,057 reviews (535,317 for Macau and 755,740 for Zhuhai) were collected, analyzed and examined to determine how the DI s of Macau and Zhuhai changed during the period of 2015–2019 based on tourist-generated content on travel websites (TripAdvisor, Ctrip.com and Qyer.com) through a text-mining approach.FindingsThe result revealed that Macau and Zhuhai were in a hybrid of competition and collaboration on tourism DI s. First, Macau and Zhuhai competed in hotel and catering industry. Macau was appealing to international tourists and provided high-end and prestigious offerings; while Zhuhai was impressed by cost-effective accommodation and food. Second, Macau diversified industrial structure with diverse “Tourism, Leisure and Recreation” and “Culture, History and Art” more than Zhuhai did. Meanwhile, Macau should balance the different demands of international and Chinese tourists. Third, complementary potentials were found in natural resources, urbanization technology and tourism innovation and related projects.Practical implicationsThe research provides valuable insights for policymakers and industrial managers on their endeavors to develop DIs. Policymakers should be able to develop supportive mechanisms and tourism facilitators to promote industrial collaboration and mutual DIs. Managers could refer to the components in the changing DIs and identify the developmental gaps and cooperation potentials in their targeted areas.Originality/valueThe research fulfills the gap in regional tourism studies on Macau, in which the evaluation on synergetic influence and neighbor effect from Zhuhai has been underexplored. Facilitated by up-to-date data mining techniques, the study contributes to both DI and coopetition literature in tourism marketing; and this should inspire further studies on the antecedences of DI changes, resolutions to the competing interests and DIs of different stakeholders in different forms of strategic cooperation in regional tourism. The employment of DIs is an explicit demonstration of tourists' immersion and values attached to the destination, providing effective cues on the status of coopetition."
U082,JOUR,"Corte, V. della; Aria, M.",2016,Coopetition and sustainable competitive advantage. The case of tourist destinations,Tourism Management,54,524,540,10.1016/j.tourman.2015.12.009,"This research paper focuses on coopetition among small and medium tourism enterprises (SMEs), and has two objectives. First it makes a theoretical contribution by establishing a model of variables that induce coopetition, the degrees to which coopetition exists and the relationship between those variables and firm performance. Second, it tests the modeling in the context of the tourism industry in Naples and Sorrento, Italy. The former comprises a sample of 149 accommodation providers and the latter 169. Building on survey data and local linkages between accommodation providers and SMEs in tourism it is found that coopetition improves performance but a key determinant is not only numbers of links but also acquired trust between partners."
U083,JOUR,"Freymann, E.",2021,MAKING THE PAST SERVE THE PRESENT: HISTORICAL REVISIONISM IN CHINA’S ONE BELT ONE ROAD PROPAGANDA,Asian Affairs,52,18,43,10.1080/03068374.2021.1878734,"ABSTRACT Propaganda is an illuminating and under-studied entry point for assessing the One Belt One Road initiative (OBOR). This essay discusses the ideological and historical claims embedded in three categories of OBOR propaganda: documentary films for domestic audiences, national history textbooks, and short films for English-speaking audiences. Chinese-language propaganda reframe the historical Silk Road as a deliberate, visionary achievement of renowned emperor Han Wudi (r. 141-87 B.C.). The historical narratives work systematically to legitimate Xi's international ambitions by juxtaposing his contributions with those of Han Wudi, including by adjusting factual claims about the ancient Silk Road to make the parallel more obvious. OBOR is thereby cast as a neo-tributary system, in which partner countries enjoy favourable access to China's market and technology-and acknowledge China's preeminent status in return. The historical adventurers Zhang Qian and Zheng He are recast as loyal agents of the emperor in expanding the geographic scope of this system. English-language OBOR propaganda feature a completely different and far more benign narrative about OBOR's historical legacy and contemporary China's ideological motivations. The “Belt and Road Bedtime Stories” cast China as a peace-loving power that respects difference and seeks to protect the existing international order by promoting globalization and free trade. In light of the first two categories of propaganda, I argue that this third narrative is unpersuasive."
U084,JOUR,"Li, Zhi-Fei; Zhang, Chen-Chen",2020,International Tourism Cooperation Based on “the Belt and Road”: Strategy and Path,Confrontation and Cooperation: 1000 Years of Polish-German-Russian Relations,6,25,31,10.2478/conc-2020-0003,"Abstract Culture is the soul of tourism and tourism is the carrier of culture. With the help of regional cooperation platforms and historical and cultural symbols of the ancient Silk Road, “The Silk Road Economic Belt” and “The 21st Century Maritime Silk Road” will develop economic cooperation among countries along the belt and road, and jointly build a community of Shared interests, destiny and responsibility featuring political mutual trust, economic integration and cultural tolerance. In order to implement the “Belt and Road” initiative, promote international cooperation and meet the development needs of its own industries, it has important practical significance to carry out international tourism cooperation under the strategic background of “Belt and Road”, which enhances the in-depth exchange of cultures of various countries, broadens the service choice of international tourism, and learns from advanced service concepts. Following the “Belt and Road” strategy, as the pilot industry of connectivity tourism led to the development of international tourism cooperation, but is still in its infancy, the overall scale is still small, with a larger space for future development. At this stage, there are four problems and challenges in international tourism cooperation under the Belt and Road Strategy: the foundation of cooperation is not solid enough, cultural resources are not fully utilized, brand awareness is insufficient, and the degree of convenience needs to be improved. Therefore, to achieve a stable and sustainable development of tourism in the countries along the route through four paths:the development of permanent mechanism of international tourism cooperation, the creation of unique Silk Road cultural characteristics of tourism products and routes, the creation of tourism boutique projects and the cultivation of international brands, enhance infrastructure construction and tourist visa facilitation."
U085,JOUR,"Chou, Hsin-hui; Zolkiewski, J.",2017,"Coopetition and value creation and appropriation: The role of interdependencies, tensions and harmony",Industrial Marketing Management,70,25,33,10.1016/j.indmarman.2017.08.014,
U086,JOUR,"Wei, Si-Ying",2019,Silk Road Tourism Programme (United Nations),Routledge Handbook of the Belt and Road,,,,10.4324/9780429203039-98,
U087,JOUR,"Noort, Carolijn van",2020,Strategic Narratives of the Past: An Analysis of China’s New Silk Road Communication,Global Society,34,186,205,10.1080/13600826.2019.1674251,"ABSTRACT Political actors communicate strategic narratives to shape the meaning of place-images in the past, present and future. Whether narratives about the past are persuasive depends on the translation of historical ideas embedded in these narratives across time and space. Moreover, the imagination and re-imagination of historical place-images in foreign policy communication are contentious, because they stand for specific power relations and identity narratives. Therefore, actor’s selective uses of history require disambiguation to increase positive perception. This abstract argument is theorised in an investigation of China’s Belt and Road Initiative, specifically the communication of a New Silk Road. China’s promotion of the Silk Road legacy is frequently contested with Great Game interpretations. Through the novels of Marco Polo and Rudyard Kipling, which present historical imaginations of the Silk Road and the Great Game, this study shows the contentiousness of historical place-images across time and space."
U088,JOUR,"Wang, Yi-Ming",2025,International Tourism Economic Cooperation Model under the Background of the Belt and Road Initiative,"Journal of Global Economy, Business and Finance",,,,10.53469/jgebf.2025.07(10).07,"This study empirically investigates the interactive dynamics between the “flow of people” (international tourism) and the “flow of goods” (import-export trade) in China-Turkey relations from 2014 to 2024, utilizing existing statistical data analysis. The findings reveal that the relationship is context-dependent. While tourism flows and trade volumes exhibit short-term co-movement when confronted with major external shocks, they frequently diverge under normal circumstances due to distinct driving mechanisms. Furthermore, a time-lag effect is identified, suggesting that the facilitative impact of tourism on trade materializes over a longer term rather than instantaneously. Consequently, this paper proposes that China and Turkey should enhance policy coordination, deepen cultural and tourism integration, and optimize their trade structure to improve the synergy and resilience of bilateral economic and personnel exchanges."
U089,GEN,"Pasquinelli, Cecilia",2015,Network Brand and Branding: A Co-opetitive Approach to Local and Regional Development,,,39,49,10.1007/978-3-319-15329-2_4,
U090,JOUR,"Ding, Jun; Jiang, Shuang",2026,Contemporary China-Türkiye Cultural Exchange: Status Quo and Future Prospects,Asian Journal of Middle Eastern and Islamic Studies,20,73,93,10.1080/25765949.2026.2706392,"Abstract The year 2026 marks the 55th anniversary of the establishment of diplomatic relations between China and Türkiye, which are two ancient civilisations at the eastern and western ends of the Silk Road, having a long history of cultural exchanges. This paper explores China-Türkiye cultural exchanges by reviewing their traces in the original Silk Road and summarising the achievements and characteristics of contemporary China-Türkiye cultural exchanges. The study finds that contemporary China-Türkiye cultural exchanges are guided by the governments, featuring diverse cooperations and interactions across multiple fields. Throughout this process, equal communication and mutual respect are upheld, and efforts are made to integrate historical culture with modern culture to innovate and renew traditions, forming a cross-civilisation dialogue against the background of the Belt and Road Initiative and the Global Civilisation Initiative. In the future, the two countries can continue to promote long-term and high-quality cultural exchanges by deepening cooperation content, innovating exchange channels, and fostering people-to-people interactions."
U091,JOUR,"Noort, Carolijn van; Chatterje-Doody, P.",2021,Visualizing China’s Belt and Road Initiative on RT (Russia Today): from infrastructural project to human development,Eurasian Geography and Economics,64,431,459,10.1080/15387216.2021.2005650,"ABSTRACT This paper comprises original research on China’s use of bilateral media cooperation to mediate its Belt and Road Initiative (BRI). Building upon the literature on strategic narratives, aesthetic power and the Silk Road as a foreign policy concept, we present a detailed case study of the visual imagery of the “Silk Road” documentary collaboration between China’s and Russia’s state-owned international broadcasters, China Radio International and RT (formerly Russia Today). We employ a visual methodology to interrogate the formation and projection of multimodal (visual, textual and oral) narratives about China’s infrastructural activities along this metaphorical new “Silk Road”. We examine how the Silk Road series gives sense to China’s BRI, the relative weighting of Chinese and Russian strategic narratives about the BRI, and how power is distributed in this Chinese-Russian media partnership. Our analysis reveals that in re-packaging visual imagery that applies nostalgia to the history of core places and technologizes their future, the series projects a pre-curated Chinese visual narrative that emplots the BRI as human and cultural development. Russian regional strategic narratives are marginalized. China is applying its aesthetic power to Russian journalists and politicians; RT obtains some commercial benefits, but the Russian state’s aesthetic power is ceded to China."
U092,JOUR,"Vašaničová, Petra; Jenčová, Sylvia; Gavurova, Beata; Bačík, R.",2022,Coopetition of European Union Countries within Destination Management,Journal of Tourism and Services,,,,10.29036/jots.v13i24.368,"Coopetition has been the issue of various studies in different fields, but there is a research gap in examining coopetition within the tourism sector and destination management. This paper aims to determine whether there are internally homogeneous and externally heterogeneous groups of European Union countries regarding indicators of natural and cultural resources of the Travel and Tourism Competitiveness Index (TTCI), and thus subsequently identify the importance and possibilities of competition among countries within the tourism sector. Multidimensional scaling and cluster analysis are used to verify the research hypothesis, along with ten indicators of the fourth sub-index (Natural and Cultural Resources) of TTCI. The results of the cluster analysis led to a six-group solution. Italy, Spain, and France have the best position in terms of tourism competitiveness. The results show space for competition in the international tourism market. Even though EU countries are competitors at a global level, their cooperation could be beneficial to tourism development. The findings of this study can be helpful in planning and strategy development for tourism policymakers and destination management organizations but can also be used to develop various marketing strategies. Furthermore, cooperation between destinations will support the need for strategic flexibility in the tourism sector, as the diversity of tourism attractions will increase."
U093,JOUR,"Hoffmann, W. H.; Lavie, Dovev; Reuer, J.; Shipilov, Andrew V.",2018,The interplay of competition and cooperation,Strategic Management Journal,,,,10.1002/smj.2965,"Research streams on competition and cooperation are central to the field of strategic management but have evolved independently. The emerging literature on coopetition has brought attention to the phenomenon of simultaneous competition and cooperation, yet the interplay between the two has remained under-researched. We offer a roadmap for studying this interplay, which identifies some of its antecedents and consequences, highlights debates concerning the nature of competition and cooperation and the association between the two, and directs attention to the tension between competition and cooperation and the alternative approaches for managing this tension. We discuss the broader implications of the interplay, note some intriguing open questions, offer directions for future research, and present an organizing framework for the interplay of competition and cooperation."
U094,JOUR,"Dadabaev, Timur",2018,Discourses of rivalry or rivalry of discourses: discursive strategies and framing of Chinese and Japanese foreign policies in Central Asia,The Pacific Review,33,61,95,10.1080/09512748.2018.1539026,"Abstract This article analyzes discursive strategies of China and Japan to integrate newly emerging Central Asian (CA) states into their internal and external policies, norms and concepts, according to which they justify both their actions in CA and CA responses to these policies. This article elaborates the concept that to a certain extent, the interests of China and Japan in CA are similarly focused on mineral resources and political stability. However, these countries employ different discursive strategies to frame their approaches and goals. This article also emphasizes that the discourse of competition for regional domination prevalent in the English language, Russian and some CA media is largely an imposition of a zero-sum vision of international relations that is not proven by any empirical evidence. On the contrary, many of the projects conducted both by China and Japan are compatible – if not supplementary – and do not necessarily imply exclusivity of interest. At the same time, both China and Japan have different ways of reasoning their CA engagements, resulting in a rivalry of discourses for the ‘hearts and minds’ of the CA population."
U095,JOUR,"Winter, T.",2016,Heritage Diplomacy: Entangled Materialities of International Relations,Future Anterior,13,16,34,10.5749/futuante.13.1.0017,
U096,GEN,"Deng, X.",2016,Research on the mode of international tourism cooperation under the background of qthe Belt and Roadq,,,518,521,10.2991/msetasse-16.2016.115,"The paper analyzed the present situation of tourism cooperation between countries along the area of “the Belt and Road”, proposed to build a new tourism cooperation mode between different countries. By forming the tourism league, We can build the international cultural tourism industry, international barrier-free tourism zone, international tourism special economic zone and international tourism city between these countries, so that we can explore new policies and new cooperation mode of international tourism between countries along the area of “the Belt and Road”."
U097,GEN,"Dagnino, G.",2009,Coopetition Strategy: A New Kind of Interfirm Dynamics for Value Creation,,,45,63,10.4324/9780203874301-11,"The purpose of this paper is threefold. First, by proposing a first definition of coopetiton, it aims to move away from the mere recognition of the oversimplified conventional conception to a deeper understanding of the nature of coopetition. By suggesting that coopetition is a matter of incomplete interest (and goal) congruence concerning firms interdependence, the authors stress that coopetition does not simply emerge from coupling competition and cooperation issues, but rather it implies that cooperation and competition merge together to form a new kind of strategic interdependence between firms, giving rise to a coopetitive system of value creation. Second, the researchers advance a typology of coopetition based on the differing explanatory variables of this incomplete interest (and goal) congruence. Third, with the support of a number of coopetition microcases, especially referring to firms operating in the automobile industry, the contribution and the potential of coopetition strategy to the advancement of both strategic management, organization theory and managerial practice was clarified."
U098,JOUR,"Flint, C.; Zhu, Cui-Ping",2019,"The geopolitics of connectivity, cooperation, and hegemonic competition: The Belt and Road Initiative",Geoforum,,,,10.1016/j.geoforum.2018.12.008,"Abstract China's Belt and Road Initiative (BRI) has been interpreted as a strategy of economic development using new infrastructure projects to intensify regional and global trade relations. It has also been interpreted as a means for China to increase its influence in East and Southeast Asia, with implications for geopolitical competition with the United States. Using a political economy approach that identifies territorial and economic logics of power as integrated in a single logic, we argue that the economic and political processes and goals of the BRI are inseparable. We build upon the strategic coupling and Global Production Networks literature to show that the territorial arrangements of GPNs have local, regional, and global implications. We conclude that the BRI is not either an economic or political project, but one that transforms politics at multiple scales and has the potential to be transformative and will simultaneously create possibilities for global cooperation and conflict."
U099,JOUR,"Franken, M.; Wee, Desmond",2024,Na(rra)tion building: Tourism and geopolitics along the Belt and Road Initiative,Euro-Asia Tourism Studies Journal,,,,10.58345/10.58345/eatsj2024p5,"With the founding of the Belt and Road Initiative by China in 2013, a global project was created with the aim of shaping geopolitics and tourism. This position paper intends to investigate how German narratives about the BRI influence geopolitical and touristic imaginaries along its routes. The researchers of this study formulated three objectives, namely the identification of the importance of narrative in tourism, German narratives on the BRI and China and greater understanding of narration shaping processes along the BRI and its implications on tourism and geopolitics. The purpose of this paper is to analyse tourism and the BRI through a lens of public discourse, narratives and storytelling, understanding narratives as the ‘shapers’ of nation and tourist destination. Drawing on a mixed-methods approach, interviews and an online survey were conducted, whereby pieces of narratives on BRI, China and its relations to Europe were captured and then analysed. We argue that the Belt and Road Initiative as a malleable project, formed by geopolitics and tourism, has the potential to be part of a na(rra)tion building process, shaping tourism imaginaries as well as international relations, going far beyond the idea of a nation."
U100,GEN,"Mariani, Marcello M.; Kylanen, M.",2012,Unpacking the temporal and spatial dimensions of coopetition in tourism destinations,,2012,13095,,10.5465/ambpp.2012.13095abstract,"Coopetition, namely the co-presence of cooperation and competition is a new strategy that goes beyond the established business paradigms of competition and cooperation. This type of strategy is rel..."
U101,JOUR,"Haddar, Mohamed Amine",2026,Coopetition in Tourism Destinations: A Bibliometric Mapping of an Emerging Research Domain,International Journal of Latest Technology in Engineering Management & Applied Science,,,,10.51583/ijltemas.2025.1412000079,"Despite tourism destinations being recognized as ideal contexts for coopetition due to their structural interdependence and network characteristics, coopetition research in tourism remains severely underexplored, representing only 5.6% of total coopetition scholarship. This study provides a comprehensive scientometric analysis to map the intellectual structure, identify key contributors, and reveal emerging trends in this nascent field. Using Web of Science and Scopus data spanning 1996-2025, we analyzed 157 publications employing CiteSpace software to generate co-citation networks, keyword co-occurrence patterns, and cluster analysis. The analysis reveals significant geographic concentration, with 43.7% of research originating from European institutions and 28.5% from the Americas. Four distinct intellectual communities emerge: conceptualization and operationalization studies, trust and network governance mechanisms, strategic applications and performance outcomes, and entrepreneurial cognition. The field demonstrates evolution from basic definitions toward multidimensional constructs encompassing managerial, strategic, behavioral, and contextual dimensions, yet exhibits structural fragmentation with minimal international collaboration. Tourism research predominantly treats coopetition as an explanatory variable for strategic advantages rather than investigating its formation mechanisms, contrasting with broader coopetition literature. Critical gaps include absence of intra-organizational coopetition studies, limited cross-destination comparative research, and narrow focus on specific tourism types. This research advances tourism coopetition scholarship by documenting disciplinary knowledge flows through dual-map overlay analysis, quantifying structural fragmentation that impedes knowledge accumulation, and establishing temporal evolution patterns across consolidation and acceleration phases, thereby providing actionable priorities for destination managers and researchers seeking to bridge theoretical development with practical implementation."
U102,GEN,"Luo, Qiu-Ju; Zeng, Shiheng; Qin, Xiangru; Li, Xiaoqing",2020,Travel Along the New Silk Road: Understanding New Trends in Chinese Outbound Tourism,,,187,195,10.1007/978-3-030-43399-4_18,
U103,JOUR,"Manhas, P. S.; Kour, Parvinder; Bhagata, Akshi",2014,Silk Route in the Light of Circuit Tourism: An Avenue of Tourism Internationalization☆,Procedia - Social and Behavioral Sciences,144,143,150,10.1016/j.sbspro.2014.07.283,"Abstract Being endowed with the international vision, Silk Route needs elaboration and discussion in light of tourism so as to be revived in the travel and trade market. All the secondary data from varied sources is analyzed to provide a conceptual framework of tourism opportunity for the nations along Silk Route as a tourism circuit. It also intends to identify the challenges and constraints to tourism development process and suggests various strategies to overcome these constraints. Promoting circuit tourism may help the authorities to maintain and develop the induced destinations of Silk Route in a coordinated manner for complementing the term “Tourism internationalization”."
U104,JOUR,"Bouncken, R.; Gast, Johanna; Kraus, S.; Bogers, Marcel",2015,"Coopetition: a systematic review, synthesis, and future research directions",Review of Managerial Science,9,577,601,10.1007/s11846-015-0168-6,
U105,JOUR,"Zhang, Ke; Valle-Brena, Almudena González del; Riera, Ignacio Ramos; Zhao, Jing-Li",2022,"Ancient routes, new gateways: a systematic literature review of China's cultural route heritage",Journal of Cultural Heritage Management and Sustainable Development,,,,10.1108/jchmsd-06-2021-0114,"PurposeThe study aims to understand how cultural route heritage is conceptualized and managed in China by systematically reviewing the research literature on Chinese cultural route heritage (CRH). The study intends to inspire further discussion on the theoretical and practical development of cultural routes since the development is still at a liminal stage in China.Design/methodology/approachA total of 253 research articles related to Chinese cultural rote heritage from major Chinese and English research databases China National Knowledge Infrastructure (CNKI), Web of Science (WOS) and Scopus have been comprehensively identified and reviewed for the purpose of the study.FindingsFour major themes of research on Chinese CRH have been identified: conceptual evaluation, list of the routes and characteristics of the routes, conservation and utilization. The results revealed that China has very rich resources in CRH, many of which were formed a long time ago, which exist across vast geographic regions and have assumed multiple functions and undergone dynamic reciprocal exchanges among diverse cultures and ethnicities.Practical implicationsThe paper summarizes some major obstacles faced by CRH in China and proposes a strategic model to address the need for a more sustainable development of CRH in the Chinese context.Originality/valueThe paper offers a comprehensive overview of CRH in China and discusses practical issues in management and development of heritage great in size, number and complexity."
U106,JOUR,"Czernek, Katarzyna; Czakon, W.",2016,Trust-building processes in tourist coopetition: The case of a Polish region,Tourism Management,52,380,394,10.1016/j.tourman.2015.07.009,
U107,JOUR,"Bekmurzayeva, Z.; Uruzbayeva, Nazym; Ibragimov, Nutfillo",2025,UNLOCKING BLUE GROWTH: POLICY SYNERGIES AND REGIONAL BRANDING IN CASPIAN MARITIME TOURISM,Geojournal of Tourism and Geosites,,,,10.30892/gtg.62424-1590,"The Caspian Basin, a geopolitically complex maritime region, holds significant potential for sustainable tourism. This study critically assesses barriers and opportunities in maritime tourism development, using a mixed-method approach that integrates Porter’s Diamond Model, the Travel and Tourism Competitiveness Index (TTCI), and Multi-Criteria Decision Analysis (MCDA). Findings reveal that policy fragmentation, infrastructural gaps, and ecological concerns hinder growth. However, cross-border cooperation and unified regional branding are identified as key drivers of tourism competitiveness. By presenting an empirically grounded roadmap, this research provides policymakers and industry stakeholders with strategic recommendations to elevate the Caspian Basin’s position as a globally competitive maritime tourism hub. The purpose of this study is to assess the competitiveness of regional tourism products in the Caspian Basin. The key objectives are to analyse factors influencing tourism development, examine the potential of the Caspian Tourism Corridor and Silk Road Heritage for joint regional branding, and propose strategic recommendations for cross-border collaboration and sustainable maritime tourism growth. This study applies a mixed-methods approach, combining Multi-Criteria Decision Analysis, adapted TTCI and Porter’s Diamond models, and qualitative stakeholder interviews. Data were drawn from TTCI reports, national statistics, and expert insights to assess the competitiveness and collaborative potential of Caspian Basin tourism. The study reveals striking asymmetries in tourism competitiveness across the Caspian region, visualized through a custom radar chart and strategic mapping tools. Stakeholder insights expose deep-rooted barriers and untapped synergies, particularly around digital transformation and eco-tourism. Integrating the Silk Road legacy and maritime connectivity into a unified branding strategy – structured via the Tourism Branding Strategy Matrix and visual project management – emerges as a game-changing opportunity to reposition the Caspian as a globally competitive cultural corridor. The study confirms that sustainability-focused policies and a unified Silk Road branding strategy are vital for strengthening the Caspian Basin’s tourism competitiveness. Structured project management and coordinated governance emerge as key drivers for sustainable, inclusive, and resilient tourism development."
U108,JOUR,"Üzümcü, Tülay Polat; Alyakut, Ömür",2022,Reconstructing Silk Road Tourism Through Digitalisation,"Handbook of Research on Current Trends in Asian Economics, Business, and Administration",,,,10.4018/978-1-7998-8486-6.ch022,"In today's world, digitalisation, as a process that results from the adoption of digital technologies and application systems built on those technologies, holds an important place in business functions and processes. Digitalisation is considered to be the engine of transformation and has significantly affected the tourism industry. China, one of the leading countries of digitalisation, launched the ‘New Silk Road Project' to revive the Silk Road, which is of great historical importance from an economic, cultural, and political point of view. Since the New Silk Road Project planned for the improvement of land and railway routes connecting China to Europe through Central Asia is of critical importance for countries along the road, it will also contribute to the revival of Silk Road tourism. This type of tourism is instrumental in protecting and preserving cultural heritage values located across the Silk Road and thus can be given a new perspective with opportunities brought by digitalisation. This study sought to discuss the reconstruction of Silk Road Tourism through digitalization."
U109,JOUR,"Kömür, Zeynep; Bezi̇rgan, Muammer; Kömür, Taner",2021,Ülke İmajının Davranışsal Niyet ve Destinasyon Bilinirliğine Etkisi: Türkiye yi Ziyaret Eden Uzak Doğulu Turistler Üzerine Bir Araştırma (The Effect of Country Image on Behavioural Intention and Destination Familiarity: A Research on Far Eastern Tourists Visiting Turkey),Journal of Tourism and Gastronomy Studies,,,,10.21325/jotags.2021.894,"The aim of this study is to determine the destination image of Far Eastern tourists visiting Turkey and reveal the effect of this image on behavioural intentions consisting of revisit, recommendation and destination familiarity. This research has been carried out with the participation of the tourists of Chinese, South Korean, Malaysian and Thai visiting Turkey from Far Eastern and coming to Ayvalık via tour operators. Data has been obtained from 233 tourists via questionnaire by using the convenience sampling method. First demographic data of Far Eastern tourists have been examined. After that the data has been performed exploratory factor analysis and regression analysis. It has been concluded that after staying in our country, destination image of Far Eastern tourists has been influenced positively and this influence has"
U110,JOUR,"Avcı, Muharrem; Norbaev, Sherzod",2021,İPEK YOLU’NDA İNANÇ TURİZMİNİN GELİŞTİRİLMESİ: ÖZBEKİSTAN ÖRNEĞİ,Uluslararası Türk Dünyası Turizm Araştırmaları Dergisi,,,,10.37847/tdtad.898296,"Bu arastirmanin amaci; kuresel ilk tarihi ticaret yolu olan Ipek Yolu’nun,21.Yuzyilda uluslararasi turizmin yeni destinasyonu olarak ele alinmasi dusuncesinin UNWTO tarafindan 1994’te turizme acilma projeleri cercevesinde Ozbekistan’da ki durumunun degerlendirilmesi ve bu ulkede ki alternatif turizm kapsaminda Inanc turizmi potansiyelinin incelenmesidir. Calisma; Turkiye’den Ozbekistan’a, Ozbekistan’dan Turkiye’ye Ipek yolunda inanc turizmi hareketliliginin gelistirilebilmesi hususunu kapsamaktadir. Bu calismada, nitel arastirma modeli kullanilmistir. Bu amac dogrultusunda, 20 kisi Ozbekistan’i ziyaret etmis, 20 kisi Ozbekistan’i hic gormemis ve 20 kisi de Ozbekistan’da yasayan bireylere yari yapilandirilmis gorusme formlari dagitilmis ancak uc gruptan 10’ar adet olmak uzere ,toplam 30 form uygulanabilmistir. Bulgular ve sonuca gelince; Orta Asya’dan gecen, Avrupa ve Asya arasinda ticari bir kopru olan Ipek Yolu; Cin’den baslayip, Turkiye ve Akdeniz araciligi ile Avrupa’ya kadar uzanan tarihi ve dunyaca unlu bir ticaret yoludur. Ipek Yolu, UNESCO tarafindan 22 Haziran 2014 tarihinde kabul edilen bir Dunya Mirasidir. Buyuk Ipek Yolu’nun neredeyse 20.000 kilometresi, Turklerin yerlesmis oldugu bolgeyi kapsamaktadir. Uluslararasi ticaretin ana damari sayilan Ipek Yolu’nun onemli bir hatti; Bizans ile Cin’i bir araya getiren buyuk ticaret yolu, en canli donemlerinde Turklerin gozetiminde bulunmustur. Orta Asya cografyasinin kalbi olan Ozbekistan, tarihi Buyuk Ipek Yolu guzergâhinda bulunmaktadir. Ozbekistan, egemenligini kazanmasindan sonra turizm sektorunun gelistirilmesi acisindan ciddi bir gayret sarf etmektedir. Turk ve Islam mimarisinin en nadir eserlerine ev sahipligi yapan Ozbekistan, son yillarda inanc turizminin de yeni merkezlerinden biri haline gelmistir. Ozbekistan, dunyadaki en fazla tarihi esere sahip olan ilk on ulke arasindadir. Ozbekistan’da tarihin izlerinin gorulebilecegi 4000 fazla eser bulunmaktadir. Dogal ve kulturel turistik varliklarin zenginligi acisindan turizmin gelisimi icin en uygun bolgedir. Ancak turizmde her gecen yil gelismekte olan bir ulke olmasina ragmen, dunya turizm pazarindan yeterli duzeyde pay alamamaktadir. Bu ulkede dis turizmin gelisebilmesi icin uygulanmasi gereken stratejilerden biri de halkin turizm konusunda bilinclendirilmesidir. Halkta turizm bilincinin gelistirilmesi, hizmet kalitesinin yukseltilmesi, otel sayilarinin arttirilmasi ve Ozbekistan’daki tarihi ve kulturel miraslarin korunmasi, tanitiminin yapilmasi ile dunya turizmindeki payi artabilecektir."
U111,JOUR,"Sigley, G.",2022,"The Great Tea Road and the Belt and Road Initiative: cultural policy, mobility narratives and route heritage in contemporary China",International Journal of Cultural Policy,29,314,327,10.1080/10286632.2022.2059075,"ABSTRACT The Great Tea Road (Wanli chadao) is a 13,000 km trade route that for two centuries connected Qing China and Tsarist Russia. It has been identified in recent years as an important category of China’s route heritage. The rediscovery of the Great Tea Road, and other Chinese route heritage, is being framed in a ‘mobility narrative’, that is, a narrative that describes how mobility and exchange over space and time contribute to the formation of the Chinese nation or Zhonghua minzu. Since 2013 the Great Tea Road has been incorporated into the ‘authorised mobility narrative’ of the Belt and Road Initiative (BRI), and in particular to the BRI agreement linking China, Mongolia and Russia. In 2019 the Great Tea Road was placed on the China list for World Heritage application. This paper examines the rise of the Great Tea Road in contemporary China and describes the various actors that play a formative role in developing the narratives and policies associated with such route heritage. It finds that the Chinese combination of ‘mobility narrative’ and ‘heritage bureaucracy’ provides a discursive and institutional frame that is able to mobilise significant resources in the pursuit of cultural policy and heritage diplomacy."
U112,GEN,"Chim-Miki, Adriana Fumi; Batista-Canino, Rosa M.",2016,A pesquisa sobre coopetição: Em direção a uma melhor compreensão do construto e sua aplicação no turismo,,18,424,447,10.14210/rtva.v18n3.p424-447,"This paper presents a theoretical review on the coopetition construct, particularly focusing on studies that apply this concept in tourism. The goal is to provide a general overview of this behavior which is source of a new class of advantages: the coopetitive advantage. The research is theoretical. It performed a systematic literature review on coopetition through a bibliometric analysis of the last 20 years of publications in two databases: Scopus and Web of Science. So, the implications of coopetition to tourism, the boundaries of the current use of the construct and the future research on this topic is verified. The result showed that coopetition is seen as an intrinsic behavior of the tourism sector, where firms complement each other to create a market, but simultaneously compete for its division. The existence of a common goal as a developing the tourism destination, is the greatest driver of coopetition, causing the inseparability between cooperation and competition. Thus, coopetition could be a complementary perspective to the competitiveness analysis; however it needs more research, especially to develop explanatory models for tourism destinations."
U113,GEN,"Robinson, L.; Duke, N.",2013,The perceived benefits of co-opetitive relationships in destination marketing: A stakeholder perspective,,,1,7,,"The increasing difficulty for a small-medium tourism operator to create noise in major visitor markets is fostering the growth of co-opetition within the tourism industry, particularly in regional destinations. This article examines the benefits of destination brand co-creation to individual stakeholders who are involved in co-opetitive tourism product marketing. The study explores the case of a regional Australian wine trail through in-depth interviews with four key stakeholders: participating businesses, regional tourism bodies and State Government. The findings compare and contrast the benefits of co-opetition and co-creation for small family-owned businesses versus governing bodies to inform understanding of how the different stakeholders interact. The former identify identity, reach and access to funding as key benefits, while State Government values the product development that co-opetition brings to a destination - in return giving them a stronger product to take to market."
U114,JOUR,"Doster, Barış",2016,The Developing Relations between Turkey and China Since 2005,Sociology of Islam,4,280,298,10.1163/22131418-00403006,"Republic of Turkey and The People’s Republic of China are important countries in Eurasia and have been developing economic and political ties. Diplomatic relations between the two countries were established in 1971 and have improved significantly in recent years in the political, social, cultural, and economic fields. With the Joint Declaration on the Establishment and Development of the Strategic Relationship of Cooperation, economic cooperation and improved trade relations have developed between Turkey and China. Bilateral trade, surpassing 1 billion U.S. dollars in 2000, is constantly expanding. Currently, China is Turkey’s third-largest trading partner, with trade amounting to 28 billion U.S. dollars. Although Turkey belongs to NATO , has close relations with the United States and wants to join the European Union, they have turned to the east especially for economic needs after the Global Financial Crisis. Turkey is popular among Chinese tourists, and cultural relations between the two countries are developing. In 2011, the 40th anniversary of the establishment of diplomatic relations was celebrated in Turkey and China. The number of Confucius Centres, Chinese language departments at universities, restaurants, businessmen’s associations, bilateral touristic travels, Turkish students in China, and Chinese students in Turkey are all increasing."
U115,JOUR,"Kylänen, Mika; Rusko, Rauno",2011,Unintentional coopetition in the service industries: The case of Pyhä-Luosto tourism destination in the Finnish Lapland,European Management Journal,29,193,205,10.1016/j.emj.2010.10.006,
U116,GEN,"Akçay, Nurettin",2017,Turkey-China Relatıons Within the Concept of the New Silk Road Project,,1,73,96,,"After the entry of China into the United Nations Security Council in 1971, relations between Turkey and China officially began. The 2000s was the period of recovery and restructuring for Turkey-China relations. With the One Belt One Road Project announced by Chinese President Xi Jinping in 2013, Turkey-China relations with a history of about 45 years have entered a new turn. In this study we will evaluate the historical progress and development of relations between Turkey and China within the scope of OBOR Project."
U117,JOUR,"Akbar, I.; Tazhekova, A.; Myrzaliyeva, Z.; Pazylkhaiyr, B.; Mominov, Serik",2024,"Positive Outcomes of Cross-Border Tourism Development Cooperation: A Case of Kazakhstan, Kyrgyzstan and Uzbekistan",REGION,,,,10.18335/region.v11i2.494,"The development of cross-border tourism between neighboring countries has become increasingly popular in recent decades. In European countries where the visa-free regime is established, this scheme is well developed and positively affects the development of the country's economy. Developing cross-border areas and establishing cross-border cooperation with neighboring countries is one of the priorities of Central Asian state policy. In the last ten years, several large-scale cross-border platforms aimed at developing tourism have been implemented among the more developed countries (Kazakhstan, Kyrgyzstan and Uzbekistan) in Central Asia, so our study was based on the border regions of the three countries mentioned above. The study aims to highlight the benefits of cooperation in cross-border tourism by examining the experiences and expectations of experts who are well-versed in the field of tourism. A qualitative research method was mainly used in semi-structured interviews focused on the positive results associated with the development of cross-border tourism among people familiar with the region's tourism. The analysis showed that according to the informants, the development of cross-border tourism has a moderate impact on the joint development of infrastructure projects by countries. The results also showed that all of the survey participants believed that cross-border tourism would provide an impetus to strengthen joint tourism marketing and the exchange of knowledge and innovation between countries. In short, it can be seen from the results of the research that the respondents generally highly appreciated the positive influence of the development of cross-border tourism on the growth of the country's economy."
U118,JOUR,"Czakon, W.; Czernek, Katarzyna",2016,The role of trust-building mechanisms in entering into network coopetition: The case of tourism networks in Poland,Industrial Marketing Management,57,64,74,10.1016/j.indmarman.2016.05.010,
U119,JOUR,"Czakon, W.; Czernek-Marszałek, Katarzyna",2020,Competitor Perceptions in Tourism Coopetition,Journal of Travel Research,60,312,335,10.1177/0047287519896011,"Our study aims at understanding how coopeting tourism managers perceive their competitors. Competitor perceptions are consequential because they have implications for interfirm relationships. Collaboration with competitors offers benefits otherwise unattainable, such as improved destination marketing, more successful attracting of tourists, increased tourism product complexity, and better service, but is used to various degrees by tourism firms. We use a purposeful sampling procedure for maximum heterogeneity to select interviewees from Polish tourism DMO member firms. We inductively code and thematically group their perceptions to find that tourism managers develop a detailed understanding of collaboration with competitors and precisely identify their competitors, but interpret this so as to either facilitate collaboration or to remain in rivalrous mode, depending on their behavioral disposition. We propose a framework for developing perceptions with mindsets in a pivotal role."
U120,JOUR,"Wang, Xue-Jun",2011,The Design and Promotion Strategy of China Silk Road in applying for World Culture Legacy: Base on Luoyang Tourism Area in Henan,Journal of Northwest University,,,,,"Through the analysis of applying for the world heritage tourist attractions,perception of the tourists and market competition,the paper tries to set up the image of China Silk Road in applying for the world heritage tourist attractions.Based on the image,it tries to design the promotion slogan,the image of man-earth perception and man-man perception.It finally conducts some research on how to promote the tourism image of Luoyang City."
U121,JOUR,"Werner, Cynthia",2003,The new silk road: Mediators and tourism development in Central Asia,Ethnology,42,141,159,10.2307/3773779,"Within the past century, international tourists have increasingly sought exotic destinations in their pursuit of relaxation, escape, and adventure. Recognizing the opportunity to earn valuable foreign currency, developing countries have catered to these desires by encouraging tourism development. The interplay between ""hosts"" and ""guests"" and the impact of tourism on host communities have been recurring themes in the anthropological literature on tourism, but scholars recognize that these categories have several limitations. The terms gloss over the wide variation that exists in the tourist experience for both guests and hosts, and ignore the important actors known as mediators. This article examines the role of mediators in two post-Soviet Central Asia states: Kyrgyzstan and Kazakhstan. Mediators there are particularly important because neither country is well known in Western countries, and neither country inherited a well-developed tourist infrastructure from the Soviet state. These mediators are cultivating a positive image of Central Asia as a new tourist destination, developing tourist accommodations, and lobbying government institutions to support and regulate tourism. However, the industry is rife with conflict and competition. (Tourism, development, Central Asia, Kyrgyzstan, Kazakhstan) ********** Within the past century, international tourists have increasingly sought distant, ""exotic"" destinations in their pursuit of relaxation, escape, and adventure. Recognizing the opportunity to earn valuable foreign currency, most developing countries have catered to these desires by encouraging international tourism development. Some countries, such as Nepal and Jamaica, have gone so far as to make international tourism a top priority in their national development strategy. The anthropology of tourism emerged in the 1970s as tourists started to appear in places ""off the beaten path,"" such as Inuit communities in Alaska and Kuna communities in Costa Rica (Graburn 1976; Graburn 1983; Nash 1981; Smith 1989). The interplay between ""hosts"" (locals) and ""guests"" (tourists) and the impact of tourism on host communities have been recurring themes in this growing body of literature. While the twin concepts of hosts and guests are routinely cited, scholars recognize that these categories have several limitations. The use of these terms glosses over the variation that exists in the tourist experience for both guests and hosts, and unfortunately ignores an important group of actors, known as ""mediators,"" who actively promote and develop tourist destinations. ""Neither hosts nor guests in any tangible way,"" the category of mediators includes government officials, tourism planners, travel agents, tour guides, and travel writers (Chambers 2000:30). This article examines the role of mediators in the development of international tourism in two post-Soviet Central Asia states: Kyrgyzstan and Kazakhstan. As the former Soviet republics make the awkward transition from socialism to capitalism, tourism development stands as one possible solution for their cash-flow problems. Tourism is definitely at the forefront of development in the Kyrgyz Republic, a country with exceptional natural beauty but limited trade resources. (1) Tourism is also important in the Republic of Kazakhstan, a country with vast oil and mineral wealth but a need for a more diverse economy. The role of tourism mediators in Kyrgyzstan and Kazakhstan is particularly important because neither country is very well known in the Western tourist-generating countries, and unlike neighboring Uzbekistan, neither country inherited a well-developed tourist infrastructure from the Soviet state. This study of tour operators, an understudied yet important group of mediators, provides a new angle for understanding what Nash (1981) refers to as the ""touristic process."" In addition to cultivating a positive image of a new tourist destination, tour operators in Central Asia work hard to develop adequate tourist accommodations, create tourist itineraries, and influence government institutions that support and regulate tourism. …"
U122,JOUR,"Sarkytkan, K.; Issakov, Y.; Akhmetova, A.; Zhoya, K.; Berdygulova, G.; Moldagaliyeva, A.; Dávid, Lóránt Dénes; Gajić, Tamara",2026,ASSESSING THE IMPACT OF TOURISM ON THE DEVELOPMENT OF ECONOMIC AND GEOPOLITICAL RELATIONS OF THE COUNTRIES OF CENTRAL ASIA,Geojournal of Tourism and Geosites,,,,10.30892/gtg.662spl12-1773,"The paper focuses on how tourism contributes to the formation of economic development and geopolitical relationships between the states of Central Asia, specifically, Kazakhstan, Kyrgyzstan, Uzbekistan, and Tajikistan. Despite the historical, cultural and geographical connections that are strong in this region, particularly through the story of the Silk Road, tourism remains an unbalanced part of the regional agenda of development and integration. The research aims at observing how various actors view the economic and geopolitical potential tourism holds and to what level tourism helps in regional cooperation and state positioning. The study relies on the qualitative and comparative research methodology. Data was collected by use of 120 semi-structured interviews with the representatives of the common sector, academia and the tourism industry in major urban and cross-border destination. The analysis of data was conducted in NVivo 14 software with the application of the thematic and comparative and matrix codes. According to the findings, tourism, in the majority of case s, is viewed as a tool of local economic growth and enhancing the resiliency of local communities, and its geopolitical and integrative capabilities are under-explored. Kazakhstan and Uzbekistan are unique because they have a more advanced institutional support level, infrastructural preparedness, and strategic orientation as it allows tourism to be a source of s oft power and regional presence. Conversely, Kyrgyzstan and Tajikistan are administratively weak and their institutions have a low capacity of collaboration across borders. The paper will add to the literature on tourism and regional development by highlighting the importance of regional structures and mechanisms of joint governance to ensure the validation of tourism as an aspect of long-term stability and collaboration in Central Asia, particularly in contexts where shared narratives such as the Silk Road remain insufficiently translated into concrete policy."
U123,JOUR,"Su, Hong-Xia; Xu, Mian; Liu, Hui-Fen",2024,China-Central Asia Tourism Trains: Market Demand and Competition under the Belt and Road Initiative,Journal of Innovation and Development,,,,10.54097/pq0w9z46,"Cross-border tourism initiatives are vital for fostering economic integration and cultural exchange, especially in regions with historical and geographical significance. This study examines the market demand and competitive positioning of the proposed China-Central Asia tourism train, a key initiative under the Belt and Road framework. Grounded in motivation and consumer value theories, the research analyzes travel motivations, consumer psychology, and market trends to identify demand preferences. A questionnaire survey was conducted to forecast market demand, complemented by competitive analysis of existing international tourism train routes. Findings highlight older travelers as the primary audience, favoring affordable pricing, flexible itineraries, and cultural immersion. Competitive analysis reveals the train’s potential to capitalize on Central Asia’s strategic Silk Road role through unique services and experiences. This study provides practical insights for cross-border tourism development, enhancing regional connectivity and promoting sustainable tourism under the Belt and Road Initiative."
U124,JOUR,"Chim-Miki, A. F.; Costa, R. A. da; Okumus, F.",2024,Investigating the strategic role of business associations in willingness toward tourism coopetition,Current Issues in Tourism,28,1324,1341,10.1080/13683500.2024.2333910,"ABSTRACT This article examines the strategic role of business associations in the willingness toward coopetition, including variables of the three dimensions of the sectorial tourism context: firm, inter-firm, and industry levels. Data were collected through questionnaires with tourism business managers. The methodological design combined three techniques: Structural Equation Modeling (PLS-SEM), Necessary Condition Analysis (NCA) and Multi-Group Analysis (MGA). Study results suggest that industry-level context has more influence on tourism associationism than the context of the firm and inter-firm levels. That means market commonalities have more impact than interdependency or long-term orientation toward coopetition willingness. Findings suggest that tourism destinations with high market commonality are more likely to have strong business associations and can consolidate coopetition networks, while tourism destinations with low market commonalities will probably have weaker business associations, and the coopetition networks will depend on the long-term vision of firms. Associationism has a strategic role in tourism destinations as it, directly and indirectly, affects willingness toward coopetition. Market commonality, long-term view and associationism are sufficient and necessary conditions for coopetition at the tourism destination independent from dependency degree among firms."
U125,GEN,"Arkman, M. S.",2019,Turkey's Middle Corridor and Belt and Road Initiative: Coherent or Conflicting?,,,,,,
U126,GEN,"Pesämaa, Ossi; Eriksson, P.",2010,Coopetition Among Nature-based Tourism Firms: Competition at Local Level and Cooperation at Destination Level,,,166,184,10.4337/9781849807241.00017,Coopetition among Nature-Based Tourism Firms : Competition at Local Level and Cooperation at Destination Level
U127,JOUR,"Tuna, Muharrem; Özyurt, Başak; Dülger, A.; Türkmen, F.; Uyanık, Necmi",2022,Türk Dünyasında Turizmin Ülkeler Arası İş Birliği Temelli Geliştirilmesine Yönelik Nitel Bir Araştırma,Bilig,,,,10.12995/bilig.10007,
U128,JOUR,"Kylanen, M.; Mariani, Marcello M.",2012,Unpacking the temporal dimension of coopetition in tourism destinations: evidence from Finnish and Italian theme parks,Anatolia,23,61,74,10.1080/13032917.2011.653632,
U129,GEN,"Yüce, Samet",2016,The Role of Tourism in Turkic World in Terms of International Relations (IR): A Social Constructivist Approach,,1,65,73,,"After the collapse of the USSR in 1991, some countries in Central Asia such as Kazakhstan, Kyrgyzstan, Uzbekistan, Turkmenistan, and Azerbaijan gained their independence. On the process of their restoration and positioning in the international system, Turkey came forward to establish relationship with those Turkic countries, which have common Turkic identity, tradition, culture and language. The political leaders of Turkey took some initial steps to both establish a close cooperation and improve the bileteral relations in the Turkic world. Since then, Turkey has been endeavouring to improve the relations in many fields. Tourism is one of these fields. Because tourism not only promotes social interaction among the people from the Turkic World, which have many common values but also establish a closer cooperation between Turkey and Turkic republics. In this context, tourism plays a key role in the relations of the Turkic World. This study aims to reveal the role of tourism in Turkic World in terms of International Relation (IR) and discuss the importance of identity, tradition, leadership and ideas at the relations between Turkey and Turkic republics. Hence, the questions in the research will be disscussed within the framework of social constructivist theory. Key Words: Turkic republics, Tourism, Constructivism, Identity, Central Asia, Turkic World"
U130,JOUR,"Chen, Yang",2020,Developments in China–Turkey Relations: A View From China,Critical Sociology,46,777,787,10.1177/0896920519885001,"Turkey’s attempted military coup on 15 July 2016 provided an opportunity for China and Turkey to improve cooperative relations. After the military coup, Turkey experienced a severe internal political crisis. Structural contradiction with traditional Western allies forced Turkey to reconsider its allegiances and political positions. Several high-level Chinese delegations to Turkey played an important role in improving Turkey’s political stability, economic development and national security. Recep Tayyip Erdoğan’s re-election as president of Turkey, the strategic coordination between Turkey and China’s Belt and Road Initiative and Turkey’s Middle Corridor project all accelerated and promoted China–Turkey relations. This is a golden opportunity for China and Turkey to build the strategic cooperation relations that began in 2010. If Turkey can accommodate the core interests of and establish political ties with China, further cooperation between the two countries will not only benefit both, but also have a great impact on regional stability and global governance."
U131,JOUR,"Lin, Xinyue; Shen, Zhen-Jiang; Teng, X.; Mao, Qi-Zhi",2024,Cultural Routes as Cultural Tourism Products for Heritage Conservation and Regional Development: A Systematic Review,Heritage,,,,10.3390/heritage7050114,"Cultural routes are a composite set of heritage sites that refer to historical routes of human communication. As key products of cultural tourism, they provide visitors with rich cultural experiences across regions. We systematically review reports and studies related to the tourism development of 38 cultural route cases worldwide, with a special focus on their distribution, typology, planning patterns, and tools for cultural tourism. We summarized eight tools and found some differences in how often these eight tools are used by the different types of routes and different planning patterns for route tourism. This study also developed an evaluation system based on the conservation principles of cultural routes to determine how different tourism tools affect the conservation and development of historical regions. Although tourism decision-makers have made numerous efforts to protect and develop cultural routes, there are still many problems and challenges in the process of tourism development along cultural routes. We conclude the paper by making recommendations for decision-makers and researchers concerning future route tourism planning and study."
U132,GEN,"Işıkcıus, Sultan",2019,Türkiye'yi ziyaret eden Çinli turistlerin beğeni kriterleri,,,,,,
U133,JOUR,"Quer, Diego",2021,Location decisions of Chinese firms in the global tourism industry: The role of prior international experience and diplomatic relations,Journal of Hospitality and Tourism Management,,,,10.1016/j.jhtm.2020.11.010,"Abstract As latecomers to the global tourism industry, Chinese multinational enterprises (MNEs) encounter difficulties to engage in outward foreign direct investments relying only on their firm-specific assets. As a result, they usually resort to external resources, combining them with the generic capabilities they possess. One source of these alternative resources derives from the existence of good diplomatic relations between China and other countries. Friendly bilateral relationships may provide Chinese firms with useful institutional support to compensate for their latecomer disadvantages when establishing in foreign destinations. Drawing on the composition-based view and the international political economy perspective, this study argues that the combination of firm's prior international experience and good diplomatic relations between countries is positively associated with location decisions of Chinese tourism MNEs. The findings indicate that high-level government official visits and strategic partnerships contribute to that compositional effect."
U134,JOUR,"Xu, Xing'an; Wang, Li-Lei; Song, Zi-Bin; Song, Jia-Yun",2019,Brand equity for self-driving route along the Silk Road,The Service Industries Journal,41,462,488,10.1080/02642069.2019.1569633,"ABSTRACT This study proposes a new model of brand equity for self-driving route along the Silk Road, in which brand-self congruity, brand awareness, and perceived quality mediate the relationship between brand experience value and brand loyalty. Data were collected in four cities in China via an online survey, and a total of 220 parent respondents with 5000 bootstraps were analyzed using the partial least squares structural equation modeling technique. The empirical findings indicate that 18 out of 20 hypotheses received empirical support in this study. This study makes a significant theoretical contribution to brand equity literature by introducing brand experience value and brand-self congruity into brand equity model. Furthermore, this study has a number of implications for self-driving route brand management practices."
U135,GEN,"Bengtsson, M.; Eriksson, Jessica; Wincent, J.",2010,Coopetition : new ideas for a new paradigm,,,19,39,10.4337/9781849807241.00009,
U136,JOUR,"Zhuo, Shaobing; Pang, Qingyun; Zhao, Zi-Xi; Xiao, Hong-Gen; Jiang, Ting",2024,Coopetition in development: A Chinese hermeneutics,Annals of Tourism Research,,,,10.1016/j.annals.2024.103801,
U137,JOUR,"Tikunov, V.; Belozerov, V.; Antipov, S.; Cui, Wei-Hong; Purevjav, D.",2017,GEOINFORMATION TECHNOLOGIES IN THE PROMOTION OF TOURIST DESTINATIONS IN THE ZONE OF THE GREAT SILK ROAD,"Geography, Environment, Sustainability",10,44,52,10.24057/2071-9388-2017-10-1-44-52,"To date, travel portals represent the most promising tool for promoting tourist destinations. Compared to traditional print media, their main advantage is the ability to access a wealth of information, services, to make online reservations, to create package-tours, and to obtain interactive representation of tourist sites. The paper discusses tourism demand for destinations of the zone of the Great Silk Road applying key statistics of the Yandex search engine queries. A comparative analysis of tourist destinations portal data has been conducted based on the following criteria: availability of multilingual information, interactive maps, selfguided tour planners, and information about attractions, tours, and accommodation facilities. In order to attract a large number of tourists and to successfully implement the project “Silk Road,” it is necessary to establish a common trans-national tourism portal which would include information on tourism opportunities in all countries."
U138,JOUR,"Wang, Xue-Mei",2025,Cooperation between China and Kazakhstan in the Sphere of Tourism,Russia and New States of Eurasia,,,,10.20542/2073-4786-2025-1-139-153,"Against the backdrop of globalisation, tourism has become an important force for economic and cultural exchange between countries. This is particularly relevant in the context of the “One Belt and One Road” initiative, where co-operation between China and countries along the route is being strengthened, and tourism co-operation between China and Kazakhstan deserves special attention. With the rising living standards of Chinese citizens, the demand for international tourism has increased, and Kazakhstan, with its unique natural and cultural attractions, has become a new popular destination for Chinese tourists. Tourism co-operation between the two countries contributes to mutually beneficial economic development and deepens understanding and friendship between the peoples. This study aims to analyse the current status of tourism cooperation between China and Kazakhstan, identifying opportunities and challenges in tourism resource development, tourism product innovation and market promotion. Strategies and recommendations are proposed to deepen tourism co-operation, which can serve as a basis for the sustainable development of the tourism industry of both countries."
U139,JOUR,"Hisarlıoğlu, Fulya; Yanık, L.",2025,"Heritage geopolitics: Hegemonic meaning-making, international orders, and the heritagisation of traditional archery in Turkey and beyond",Review of International Studies,51,1065,1084,10.1017/s0260210525101228,"Abstract This piece argues that to understand how cultural heritage functions as a form of power at the international level, it is essential to deconstruct the ‘productive politics’ that surround and shape the material and symbolic spatial formations of heritage and heritagisation. To this aim, by integrating critical accounts on heritage politics, geopolitics, and biopolitics, this piece deconstructs the dynamics of Turkey’s heritagisation of traditional Turkish archery (TTA) in Turkey and beyond. We introduce heritage geopolitics as a novel analytical framework to unpack the role of these multiple intertwined scales of spaces in heritagisation and the ‘productive politics’ behind it. Heritage geopolitics, explained through the heritagisation of TTA, helps to illustrate how heritagisation becomes a multiscalar hegemonic process that shapes various features of the domestic and international orders, from the biopolitical to the geopolitical, attempting to challenge existing narratives of power and moral authority. We demonstrate that heritage geopolitics differs from other uses of heritage in world politics (such as cultural diplomacy, heritage diplomacy, or soft power) by foregrounding the domestic and embodied moral foundations of biopolitical and geopolitical imaginations embedded in the heritagisation processes."
U140,GEN,"Chim-Miki, A. F.",2016,THE COOPETITION RESEARCH The current status of knowledge and its implications on tourism studies,,,,,,"This paper presents a synthesis of the theoretical evolution of coopetition construct and its reflection in the tourism research. The aim is to enable a path analysis of the formation of a literature body on this topic, particularly applied to the tourism sector, as well as, to verify the future research agenda for this construct in this sector. The methodology is a systematic theoretical revision supported by bibliometric technique. The coopetition is the intrusion of competition in cooperative or collaborative relationships through interorganizational networks that seek mutual benefits. In tourism, these networks are generally formed by multiple companies that cooperate to create a market, but compete in sharing this market. The results of this theoretical review indicate that coopetition is an intrinsic and natural behavior in the tourism destination. They also indicate that the development of research on coopetition has similarity with the theoretical-empirical route which has created the paradigm of competition-competitiveness-tourism competitiveness. In this sense, coopetition follows a path toward coopetitiveness, which implies the need to create measurement models coopetition capacity for tourism destinations. The paper concludes presenting a future research agenda for this concept in tourism, that is, it contributes to form a new paradigm for the tourism analysis which considers the relational perspective as an important source of competitive advantage."
U141,JOUR,"Yu, Haisong",2021,"China-Turkey Strategic Docking and Cooperation under the Belt and Road Initiative: Progress, Challenges and Prospects",Asian Journal of Middle Eastern and Islamic Studies,15,254,273,10.1080/25765949.2021.1928411,"Abstract Facing the new situation of international and domestic economic development, China and Turkey, as emerging developing countries, need to strengthen the docking and cooperation of their development strategies. The strategic docking between China and Turkey, which has strong compatibility, involves the communication and alignment of the two countries’ internal and external development strategies. Since the Belt and Road Initiative was put forward, China and Turkey have made continuous progress in strategic docking and cooperation, the bilateral strategic docking mechanism has been constantly improved, and docking areas have been significantly expanded, yielding more achievements. At the same time, the strategic docking between China and Turkey is also facing many challenges from the international environment and their respective domestic political and economic situation. In the future, China-Turkey strategic docking should strengthen political mutual trust, deepen docking mechanisms and fields, resolve specific docking cooperation obstacles, and explore new modes and cooperation docking in new technology fields. The deepening of strategic docking and communication and cooperation between China and Turkey also provides useful insights for developing countries to explore their own economic development path and jointly promote the improvement of global economic governance."
U142,JOUR,"Yang, Yang",2020,"Producing multiple imaginations of the Silk Road in Xi’an, China’s urban development",International Journal of Cultural Policy,26,854,866,10.1080/10286632.2020.1811255,"ABSTRACT This paper looks at how the Chinese government’s recent national project, ‘the Belt and Road Initiatives’ (the BRI), is played out at the local level in the context of cultural cities. Scholarship on the BRI focuses less on how the official narratives of the BRI have impacted the ongoing process of urbanization in China. This paper contextualizes the BRI by examining how both official and alternative imaginations of the Silk Road contribute to municipal-level urban plans that visualize the Silk Road in the urban built environment. Specifically, this paper suggests understanding the Silk Road in the local context, which entails a constellation of convergent and divergent interpretations by different actors involved in the official urban theming plans. These actors, both experts involved in the implementation process and members of marginalized ethnic communities, specify the vaguely defined ‘Silk Road’ in contexts that are within and beyond the original settings."
U143,JOUR,"Quer, Diego; Andreu, Rosario",2021,International strategies of Chinese tourism MNEs: the impact of the belt and Road Initiative and state ownership,International Journal of Emerging Markets,,,,10.1108/ijoem-09-2020-1096,"PurposeThe Belt and Road Initiative (BRI), an ambitious plan led by the Chinese government aiming to reach a close integration between countries, is reshaping the global institutional landscape. Chinese state-owned enterprises (SOEs) play a leading role in the BRI and they usually follow an unconventional behavior derived from the institutional influence of their home government. Prior research reports that institutional distance between home and host countries has an impact on multinational enterprises’ (MNEs’) ownership level in their foreign subsidiaries. Therefore, our aim is to investigate how institutional distance, the BRI and state ownership affect Chinese tourism MNEs' ownership level in their cross-border acquisitions.Design/methodology/approachDrawing on the institutional theory, this study develops several hypotheses that are tested using a sample of Chinese MNEs from accommodation, travel agencies, transport and leisure/entertainment industries.FindingsThe results show that the idiosyncratic characteristics of being an emerging-market MNE belonging to a soft-service industry is associated with a positive relationship between institutional distance and a high ownership level in cross-border acquisitions. They also indicate that targeting a country included in the BRI and being an SOE negatively moderates that relationship.Originality/valueThis study extends institutional theory in the case of tourism firms from an emerging economy. It also addresses an under-research topic in the literature, namely, how the BRI is leading Chinese tourism MNEs to redesign their international strategies."
U144,JOUR,"Czakon, W.; Klimas, Patrycja; Mariani, Marcello M.",2020,Behavioral antecedents of coopetition: A synthesis and measurement scale,Long Range Planning,,,,10.1016/j.lrp.2019.03.001,"Abstract This study taps into managers' perceptions of coopetition antecedents to better understand why firms adopt coopetition. By analyzing and synthesizing findings from systematic reviews of coopetition literature we integrate knowledge on coopetition antecedents. We develop and validate a scale measuring behavioral coopetition antecedents: strategic rationale and coopetition mindset. Based on a random sample of 368 Polish tourism firms, we run exploratory and confirmatory factor analyses to find that antecedents used in coopetition literature converge into two latent, behavioral constructs. Our data substantiate the view that coopetition is an intentional strategy, driven by a strategic rationale. Managers are found to pursue coopetition in order to reach clearly defined benefits with fitting partners. Moreover, three elements are found to converge in the coopetitive mindset latent construct: orientation to cooperation, trust, and experience in coopetition. We contribute to the methodological advancement of measurement instruments with applicability potential in future research examining the behavioral antecedents of coopetition. We also advance the behavioral stream of research in strategy by empirically identifying the connection between rational and behavioral antecedents of firms’ coopetitive strategic behavior."
U145,JOUR,"Chen, Hang; Lu, Cong; Wang, Yue-Wei; An, Lidan",2024,Competitiveness Evaluation and Cooperation Network Analysis of Tourist Attractions from the Perspective of Co-Opetition in the Yangtze River Delta (YRD),Sustainability,,,,10.3390/su16020834,"Cooperation among tourist attractions has encouraged a new form of competition among tourist destinations. Regional tourism cooperation can create win–win scenarios for participating tourist destinations, such as complementary advantages and improved comprehensive competitiveness. This study constructed a competitiveness measurement model and evaluated the competitiveness of tourist attractions. The index variables were set to modify and establish the gravity models (GMs). The cooperation network was established using Ucinet 6.0 software, and the competitive value of the tourist attractions and the structure characteristics of the network were analyzed. The results indicate that the competitiveness of tourist attractions in Jiangsu Province and Zhejiang Province is strong, while that of attractions in Anhui Province and Shanghai is weak. Tourist attractions in Shanghai, Suzhou, and Hangzhou have strong gravity for cooperation. Furthermore, the density of the cooperation network is high. The core members of the network are mainly distributed in the eastern region of the YRD and play a core role in the tourism cooperation therein. The cooperation network can be divided into four subgroups at level 2 and seven subgroups at level 3. The conclusions of this study can help the government formulate more targeted regional tourism cooperation policies."
U146,GEN,"Maksanova, L.; Guseva, E.; Badmatsyrenova, M.; Vasilenko, O.",2019,"Cooperanion in tourism between Russia, Mongolia and China: the case of the Great tea road tourist route",,4,40,54,10.18572/2686-858x-2019-4-4-40-54,
U147,JOUR,"Prathyusha, R.; John, Arjala; Naik, Vankudavathu Mallikarjuna",2025,"Silk Routes Reimagined: Tourism, Heritage Stewardship, and the Visitor Economy under the Belt and Road Initiative",International Journal of History,,,,10.22271/27069109.2025.v7.i11a.557,
U148,JOUR,"Yenil, Ülgen; Akyazi, Nazife",2019,SÜRDÜRÜLEBİLİR TURİZM KAPSAMINDA KÜLTÜREL İZ KORİDORU DEĞERLENDİRMESİ,Ömer Halisdemir Üniversitesi Mühendislik Bilimleri Dergisi,,,,10.28948/ngumuh.598189,"Kulturel mirasimiz daha onceki kusaklar tarafindan olusturulmus evrensel degerlere sahip eserlerdir. Dunyada “miras” fikri topluluklari guclendiren ve cevresel, kulturel ve ekonomik gelecegini basariyla planlamalarina yardimci olan birlestirici bir guctur. Bu calismada, Anadolu cografyasinda ilk caglardan bu yana onemli ticaret yollari arasindaki Ipek Yolu kultur izlerinin tarihi bir koridor olusturabilirligi arastirilmistir. Oneri calisma alani olarak secilen Selcuklu kentleri Kayseri, Konya, Aksaray ucgeninde; dogal peyzajla iliskili bir kulturel koridor nasil gelistirilebilinir ve surdurulebilir turizmle nasil yasatilabilir cercevesi, Ulkemiz acisindan irdelenmistir. Tarihsel harita analizleri, gorsel yontemler, nitel veriler ve soylemlerle iliskili olarak ayrintili analizler yapilmis ve bolgesel rota olusturulmustur. Turizm verileri kullanilarak islevlendirmeler yapilmistir. “Kulturel Iz Koridoru” adini verdigimiz bu rotalar, yerel yonetimlerin de katkilariyla kent kimliginin ve mirasinin deger kazanmasina yonelik yeni yonetimsel onlemlere dayanan tarihi bir yol gelistirmeyi mumkun kilmaktadir. Sonucta; mirasimizin ozenle korunmasi, bu varliklarin ulusal ve uluslararasi turizme acilarak surdurlulebilir turizm acisindan cekim alanina donusturulmesi ve bu yolla sosyal, kulturel ve ekonomik acidan da surdurulebilir kalkinma saglanmasina yonelik strateji ve oneriler gelistirilmistir."
U149,JOUR,"Ali, Syed Ahtsham; Haider, Jahanzaib; Ali, Muhammad; Ali, Syed Irfan; Xu, Ming",2017,Emerging Tourism between Pakistan and China: Tourism Opportunities via China-Pakistan Economic Corridor,International Business Research,10,204,,10.5539/ibr.v10n8p204,"Background: The China-Pakistan Economic Corridor (CPEC) is a mega-project worth more than 54 billion US dollars, as a result of which bilateral relations between Pakistan and China reached new heights. The CPEC is designed to facilitate the establishment of links between Pakistan and the road network, railways and pipelines in conjunction with energy, industrial and other infrastructure projects to ensure the critical energy shortage necessary to enhance the economic growth in Pakistan.Objective: The main purpose of this article is to shed light on promotion of mutual understanding on China's initiative for the revival of the Silk Road and the benefits and challenges for the tourism industry which the CPEC can bring to the neighboring countries, especially Pakistan. A very new project will give us plenty of room to develop a number of innovative points greatly to improve the quality of services and the overall tourist experience in these new tourist destinations.Methodology: Qualitative research and analysis with the help of online research and data collection; the study of excellence in individual scenarios tourist sites, focusing on the aspects of service and policy will be useful to improve tourism on both sides via the Silk Road. Authors also collected data from tourist websites and recommend top rated tourist attractions on Silk Road from Khunjrab pass (border between china and Pakistan) to Gawadar, Pakistan. These tourists’ attraction are hints for tourists, travel agents and new researchers."
U150,JOUR,"Polat, N.",2018,Creating New Touristic Fashion Routes with Caravanserais on the Ancient Silk Road in Turkey,"Almatourism: Journal of Tourism, Culture and Territorial Development",9,213,224,10.6092/issn.2036-5195/8564,
U151,GEN,"Yildirimçakar, Emrah",2019,The Belt and Road Initiative and the opportunities and challenges of developing Sino-Turkish relations,,2,69,88,,"The Belt and Road Initiative (BRI) is a concept of revitalization of the ancient ‘Silk Road’, it has large economic and infrastructure dimension both based on land and see transportation.  BRI is necessary for China to maintain its economic growth and it also creates important opportunities both for Turkey and other related countries. Turkey is one of the most important countries on the land belt, not just for its geo-strategical position, but also for its important role in the Middle East and Central Asia politics. This article researches the developing relations between Turkey and China, the potential of strategic cooperation of the BRI and opportunities and challenges of Sino-Turkish relations. In recent years, Sino-Turkish relations have gained a great momentum. Turkey became a dialog member of Shanghai Cooperation Organization  (SCO) and a founder member of Asian Infrastructure Bank  (AIIB) . China and Turkey have closer strategic and economic targets, they need mutual cooperation both strategically and economically. on the other hand, both sides have some challenges for a  full-fledged cooperation. While, bilateral and multilateral relations of China and Turkey are essential for their short and long term interests."
U152,JOUR,"Chim-Miki, A. F.; Costa, Rui Augusto da; Volschenk, J.",2025,With a little help from my Region: Coopetition in regional development and the creation of tourism social value in low-density territories,Tourism and Hospitality Research,,,,10.1177/14673584251395265,"This paper analysed the role of coopetition in increasing the efficacy of regional tourism development in low-density territories to enhance social value creation, addressing research gaps related to its role in fragile regional contexts, its connection with regional development, and its link to Resource Dependence Theory. We applied a mix of quantitative methods. Partial least squares structural equation modelling (PLS-SEM) was used to test the model, the PROCESS model to verify the mediated effects, and a robustness check was performed using Necessary Condition Analysis (NCA). We collected data from tourism stakeholders in the LDT of the Douro River region of Portugal. Findings reveal that regional tourism development is a necessary but not sufficient condition for creating social value. In contrast, coopetition is a determinant and a necessary condition. Results indicated that coopetition, expressed by the level of coopetition mindset, the regional integration system or associationism and the Co-production, enhances regional tourism by reducing resource dependence and fostering inclusive growth. The regional tourism development was expressed by the connected regional sustainability, regional leveraging, territorial progress, regional innovation, and economic revitalisation. Coopetition fully mediated the relationship between regional tourism development and the social value created, influencing social change, cultural safeguards, social belonging, quality of life, and social cohesion. Implications suggest that coopetition is a drive for improving the benefits to the host society and a mechanism for reducing resource dependence. Our framework, Coopetition-based on regional development at the Low-Density Territory, advances knowledge, demonstrating that coopetition concretises key Resource Dependence Theory (RDT) concepts."
U153,JOUR,"Wang, Juan; Wei, Rongjie; Zhao, Jie; Feng, Jie-Jie",2024,Policy Effect and Mechanism of China’s MSRI on Inbound Tourism Along the Route,Journal of China Tourism Research,21,110,132,10.1080/19388160.2024.2313670,"ABSTRACT This paper adopted a difference-in-differences method and panel datasets were divided into 20 MSR countries and 60 non-MSR countries between 2010 and 2019 to identify the MSRI’s effects and mechanisms behind on inbound tourism. Results show that the MSRI had a significant and direct positive effect on inbound tourism among associated countries. Compared with the tourist arrivals (ITN), the positive effect on the inbound tourism revenue (ITR) was stronger. The MSRI increased these countries’ ITR and ITN by 27.4% and 15.0%. The positive effect on ITR demonstrated a fluctuating but rising trend. The MSRI had boosted inbound tourism by reducing social risk, enhancing infrastructure, and facilitating trade among associated countries. The MSRI had a higher inbound tourism promotion effect on countries in South Asia, West Asia and North Africa, high-income countries, lower-middle-income countries and countries with low tourism resource endowment."
U154,JOUR,"Manhas, P. S.; Kour, Parvinder",2014,Analyzing tourism potential and destination image of Indian Silk Route: trend analysis approach.,International Journal of Hospitality and Tourism Systems,7,7,13,,"Purpose: Analyzing the competitiveness of Silk Route in tourism industry involves a contemporary approach as it is among the tagline that connects the nations like India, China, Pakistan, etc. Also analysis of the tourists' considerations towards Indian Silk Route that connect India to other countries could help to develop its in various forms and creating an image among tourists destination's list and choice, thus contributing to the formation of an integrity of the nations as well. Hence this research paper aims to study the present status of Indian Silk Route destinations in terms of tourism competitiveness and to develop its image as a tourist circuit in consideration to tourists visiting Silk Route destinations in India. Research Methodology: The main data collection method of this study is primary research supported by secondary research by making use of existing online sources. In addition to this to calculate or forecast the tourist arrivals on the basis of past data available, the Least Square Method of time series is applied. Findings: The analyzed data shows that if the induced destinations of Silk Route in Indian subcontinent are raised to the level of competitiveness and analyzed at the tourism front, may have an immense potential to attract the tourists to India. Limitations: The area for the research purpose is limited fewer destinations as U.P and Bihar as for the further study area/areas could be increased and various other methodologies may be applied."
U155,JOUR,"Shi, Chun-Yun; Zhang, Jie",2005,Review of the Studies on the Tourism Spatial Competition and Cooperation,Geography and Geo-Information Science,,,,,"With the development of the tourism all over the world,regions of different levels,from global,national to local,community regions,are facing with how to harmonize their spatial relations so as to promote their tourism competitiveness.The study on regional tourism spatial relation has been attached much importance to at home and abroad.In particular,main attention has been paid to spatial competition and cooperation among different tourism regions.Studies on tourism competitiveness have mainly focused on tourism resources,tourism demands,image designing and marketing of the destination,tourists' information search behavior,knowledge innovation,network contact and the competitiveness of particular destination.Stakeholder cooperation,inter-firm cooperation,co-exploiting market,public and private sectors cooperation,and cooperation between tourism and other relevant industries have been heatedly studied in recent years.Reviews of relevant literature reveal that most of the studies undertaken have been simply focused on spatial competition or cooperation.In fact,both competition and cooperation exist in different regions simultaneously,i.e.'co-opetition'.The combination makes for a more dynamic relationship than the words 'competition' and 'cooperation' suggest individually.Although in recent years studies on the regional competitiveness and industrial competitiveness and industrial clusters have been heated topics,little attention has been paid to the study on either the competitiveness of tourism industry and tourism region,or the pattern and the mechanism and the spatial function process among different tourism regions,all of which need further research."
U156,GEN,"Padula, G.; Dagnino, G.",2005,On the Nature and Drivers of Coopetition,,,,,,"We advance an image of coopetition as a synthesis of the two alternative paradigms developed in the literature about the nature of the interdependences among firms; i.e., the competitive paradigm versus the cooperative paradigm. The competitive paradigm postulates divergent interest-based interdependences among firms, whereas the cooperative paradigm implicitly assumes that firms interact on the basis of a convergent - i.e., fully collaborative - interest structure. We suggest that coopetition arises when both the competitive and the cooperative features of inter-firm interdependence co-exist simultaneously, defining a game structure where firms interact on the basis of partially convergent interests. Additionally, we discuss the factors that contribute to give rise to this hybrid nature of inter-firm interdependences, proposing a set of environment-related and firm-related coopetition drivers. Our study provides relevant implication for research that we discuss in the final section of the paper."
U157,GEN,"KylÃ¤nen, Mika; Mariani, Marcello M.",2013,Public and Private Dynamics and Co-opetition: Evidence from the Tourism Sector,,,,,,"Often coopetition arises whenever competing companies start to collaborate. The formation of this simultaneous presence of cooperation and competition is often triggered by a certain institutional context where the public sector pushes companies to cooperate with each other. This situation is particularly important in the tourism sector where relevant public stakeholders (such as Destination Management Organizations) support a collaborative attitude and practice among tourism businesses. In this paper we focus on the role of the public sphere in creating the conditions for the private sector to shift from a constant sum to a variable sum game, often through a kind of public-private partnerships. Our comparative study shows that cooperation and coopetition can be strengthened by the public sphere and that publicâ€“private relationships are crucial in order to strengthen the brand image of a tourism destination or an entire region and to attract more tourists."
U158,GEN,"Afuah, Allan",2009,Coopetition and Game Theory,,,295,320,10.4324/9780203883242-22,
U159,JOUR,"Ucar, Muhammed Kursad; Topal, I.",2018,Rule-Based Determination of Chinese tourists to Turkey Opt Profile,2018 Innovations in Intelligent Systems and Applications Conference (ASYU),,1,4,10.1109/asyu.2018.8553998,"Tourism has accounted for around 10% of the gross national product of countries around the world. There has been advantages which emerged with the announment of “2018 is Turkey Tourism Year” in China. Turkey ought to make activities right place, right time and right person to carried out to be more succesful on the promotion in China. In the study, it has intended to support Turkey's this activities with determine potential customer by use of artificial intelligence applications on Chinese consumers profile data. In this context, the domestic travel histories of Chinese consumers has collected on TripAdvisor. It has been used rule-based algorithm with decision trees from artificial intelligence algorithms and has been finded out profile of Chinese tourists's preferences of Turkey. Turkey's preference sensivity value is 0.941.This value has shown that possible to system can find tourists who will prefer Turkey. As a result of the study, it has been evaluated Xiamen and Macau cities of China which emerged in analysis in terms of marketing."
U160,JOUR,"Polat, Y.",2024,Evaluating the Impact of Culture and Identity on Sino-Turkish Cooperation in the Belt and Road Framework,Uluslararası Sosyal Siyasal ve Mali Araştırmalar Dergisi,,,,10.70101/ussmad.1537889,"This study examines the material and intellectual factors that make inter-state cooperation possible from a constructivist perspective and aims to assess the impact of identity and culture on Turkey's planned partnership with China under the Belt and Road Initiative (BRI). The BRI, which envisions the creation of a new China-centered economic-political structure and value system in the long run, seems to be a manifestation of China's desire to transform the existing order of international relations. The article examines from a constructionist perspective the question marks raised by Turkey's participation in this large-scale project, where Westernized intellectuals are the main constitutive element, and where Turkey has been included in the economic, political and military architecture of the West since the Second World War with the Truman Doctrine, Marshall Plan and NATO membership."
U161,JOUR,"Nangong, Zhi-Na; Yokoyama, Satoshi",2023,"Package Tour Distribution Channels of Major Japanese, Chinese, and South Korean Travel Agents",Journal of Quality Assurance in Hospitality & Tourism,27,30,52,10.1080/1528008x.2023.2294922,"ABSTRACT This study examines how overseas package tours are designed in China, South Korea, and Japan. It also examines how these tours are arranged between the three countries. The results of in-depth interviews and participant observation showed that the method of creating tours was almost the same across those three countries. However, there were differences in the method of operating tours. In terms of tours from China, Chinese wholesalers prefer other travel agencies as land operators instead of their own foreign subsidiaries; for Japan, they prefer to utilize their foreign subsidiaries; and for South Korea, the wholesaler considers both their subsidiaries and land operators for operating package tours. The concept of “operating power” explains the unique operation of these travel companies. The study concludes that the distribution channels of various package tours are strategically created by wholesalers according to the combination of markets and destinations. It contributes theoretical implications to the study of tourism distribution channels by focusing on regions that have not been included in previous studies. Additionally, it proposes a framework for the process of creating package tours and constructs a concept to explain the diverse ways in which package tours are operated. In terms of practical implications for travel agents, the study provides insights into various tourism distribution channels across different situations."
U162,JOUR,"Corte, V. della; Sciarelli, Mauro",2012,Can Coopetition Be Source of Competitive Advantage for Strategic Networks,Corporate Ownership and Control,10,363,379,10.22495/cocv10i1c3art5,"Contributions on competitive strategy and advantage have been long concentrated on the single firm. In Europe small and medium enterprises still prevail, business districts are widespread and rivals are called to cooperate, in order to face the global context. Inter-firm collaboration seems to be the main path to survive and compete. Literature has more concentrated on the reasons for success of strategic alliances and networks even if many of them fail or do not take off. In the light of relational view and the absorptive capacity approach, the paper tries to verify whether competiton, can be, through the relations that generates, source of competitive advantage or rather of disadvantage. Theoretical hints are tested empirically on a sample of firms in Italy operating in tourism industry."
U163,JOUR,"Klimas, Patrycja; Stańczyk, S.; Sachpazidu, Karina",2024,"Pushing coopetition research further: Understanding, relevance, and operationalization of the attributes of coopetition strategies and coopetitive relationships","Journal of Entrepreneurship, Management and Innovation",,,,10.7341/20242042,"PURPOSE: Although coopetition was defined three decades ago and is intensively investigated, its theoretical and research cognition remains far from thoroughly understood. The lack of conceptual consistency prevents researchers from conducting comparable research, leading to more generalizable results, and thus from building coherent knowledge. This study addresses the above shortcoming by the development of operationalizations of two types of attributes assigned to coopetition: strategic attributes characterizing coopetition strategies and relational attributes characterizing coopetitive relationships. METHODOLOGY: In our study, we adopted a two-step research process consisting of qualitative verification of a list of 8 coopetition attributes (2 strategic and 6 relational) identified in prior literature as relevant for coopetition success and the development of integrative conceptualization and measurement approaches for them. The verification was conducted through focus group interviews with scholars experienced in coopetition research and senior managers from firms adopting coopetition strategies. The measurement approaches for the positively verified attributes were developed through the integration of (1) approaches used so far in coopetition literature, (2) approaches used to date in the literature on the features of inter-organizational relationships, and (3) approaches that emerged during the focus group interviews. FINDINGS: This study shows two strategic (i.e., dynamics and paradoxicality) and six relational (i.e., asymmetry, complexity, intensity, mutual dependence, strength, and tensions) coopetition attributes as heterogeneously relevant for coopetition success and offers multi-item operationalizations for them derived from a combination of prior literature and qualitative research. IMPLICATIONS: Our paper shows strategic and relational attributes of coopetition as theoretically and practically relevant for coopetition success. ORIGINALITY AND VALUE: As a contribution, this study offers scientifically grounded operationalizations of eight attributive success factors of coopetition. The developed measurement proposals can find valuable applications in two ways. First, coopetition researchers can use them in their studies, and a consistent measurement approach will allow for the comparison of research results, bringing us closer to drawing more general conclusions. Second, coopetition practitioners can use these proposals when managing coopetition, for instance, to evaluate, monitor, and intentionally shape them to make coopetition (more) successful."
U164,JOUR,"Hojati, Negin; Nadalipour, Zahra",2025,Coopetition over competition: motivations behind the formation of coopetition in the tourism supply chain – a case study of hotels and travel agencies in Tehran,Competitiveness Review: An International Business Journal,,,,10.1108/cr-02-2025-0048,"This study aims to identify the motivations for the formation of Coopetition in the tourism supply chain among travel and tourism agencies and hotels in the City of Tehran. The present study is qualitative and exploratory. In this study, using the Convenience Sampling method, 21 tourism supply chain activists, including managers and senior experts from hotels and travel and tourism agencies in Tehran, were selected. Then, using semi-structured interviews and coding of the findings through the Clark and Brown method, main themes, sub-themes and conceptual categories were extracted. Finally, regarding the motivations for coopetition among hotels and travel agencies, extracted main and sub-themes resulted in determining four conceptual categories including: Contextual aspect, Managerial aspect, Behavioral aspect and Strategic aspect. No research has been conducted so far on the motivations for the formation of coopetition among hotels and travel agencies, specially in the Iranian tourism industry, which is targeted in the present study."
U165,JOUR,"Adilkhodjhaeva, Surayyo M.; Usmanova, S.",2025,Development of international cooperation in the tourism industry: the experience of Uzbekistan,THE PROFESSORS' MAGAZINE. RECREATION AND TOURISM SERIES,,,,10.18572/2686-858x-2025-27-3-3-10,"The article is devoted to the development of international tourism in Uzbekistan. The article examines the reform of institutional structures for managing the tourism industry in Uzbekistan, as well as the development of international cooperation, including the World Tourism Organization. Particular attention is paid to promising areas of tourism: the development of pilgrimage tourism — ""ziyorat"", as well as the prospects for international cooperation in the development of tourism within the framework of the transnational project ""one belt — one road""."
U166,JOUR,"Yermekbayev, A.; Yekibassova, Zhadyra",2026,"Turkey as a middle power in Central Asia: regional cooperation amid geopolitical competition with Russia, China, and the United States",Frontiers in Political Science,,,,10.3389/fpos.2026.1703373,"Amid the transformation of the global order and intensified Eurasian competition, Turkey has expanded its engagement with Central Asia through connectivity diplomacy, identity-based multilateralism, and selective security and economic cooperation. This article argues that Turkey’s regional strategy is best understood as middle power diplomacy driven by strategic autonomy. The study triangulates institutional and documentary analysis with an original cross-sectional perception survey (2023–2024), used as exploratory evidence. Central Asia functions for Turkey as a low-to-moderate cost arena to operationalize strategic autonomy while avoiding direct confrontation with dominant regional actors. Turkey’s leverage stems from the combination of connectivity initiatives aligned with regional diversification interests, soft-power infrastructure (education, cultural production, humanitarian visibility), and targeted defence-industrial cooperation that complements the existing security hierarchy. These practices are linked to domestic debates in Turkey over pan-Turkic identity narratives, the limits of socio-political Islam in external outreach, and Ankara’s contested relationship with Europe and the wider West. The findings indicate that Turkey’s influence in Central Asia is conditional and layered: it grows where identity and connectivity are translated into institutional routines and business networks, but remains constrained by Russia’s entrenched security role, China’s geo-economic scale, and uneven regional receptivity."
U167,JOUR,"Wu, Mei-Ju; He, Jian-Ming",2022,Horizontal Tourism Coopetition Strategy for Marketing Performance – Evidence From Theme Parks,Frontiers in Psychology,13,,,10.3389/fpsyg.2022.917435,"Unprecedentedly impacted by COVID-19, tourism enterprises are pushed to adopt new strategic management to cope with the changes in tourists' consumer perception for sustainable development, such as corporate and compete simultaneously with their competitors. Our study aims to investigate the intermediate role of coopetition, including the three dimensions of resource similarity, market commonality, and willingness to cooperate in the marketing and performance relationships. Primary data on 360 observers were collected via questionnaire distribution to theme park managers in China with 85.3% accuracy in response rate. Structural equation modeling (SEM) was used to verify the intermediate effect of coopetition on marketing performance in tourism enterprises. The results of SEM indicate (1) the intermediate role of tourism coopetition, including the three dimensions existing in the relationship between tourism marketing and performance, (2) more significant positive impact on non-financial performance than that on financial performance, and (3) the mechanism of implementing coopetition. This study gives supportive evidence for tourism enterprises to implement coopetition and highlights the implications for appropriately developing coopetition strategies and tactics to achieve the synergy effect for the individual enterprises and the spillover effect for the destination regarding policy-making, mindset, and partner selection."
U168,GEN,"Bengtsson, M.; Johansson, M.; Näsholm, M.; Raza‐Ullah, Tatbeeq",2013,A systematic review of coopetition : levels and effects on different levels,,,,,,While the field of coopetition has grown the multi-level nature of the phenomena have not been systematically addressed. The purpose of this systematic review is to organize extant research by dist ...
U169,JOUR,"Hannam, K.",2013,“Shangri-La” and the New “Great Game”: Exploring Tourism Geopolitics Between China and India,Tourism Planning & Development,10,178,186,10.1080/21568316.2013.789655,
U170,JOUR,"Franklin, Katelyn M.",2023,Archaeology of the Silk Road: Challenges of Scale and Storytelling,Journal of Archaeological Research,32,263,308,10.1007/s10814-023-09188-w,"Invented in the 19th century as an allegory for large-scale human interaction across Eurasia, the idea of “the Silk Road” continues to shape archaeological investigations of trade, travel, cultural exchange, and mobility in the region between the Near East and East Asia. Though long used to refer to trade between the ancient and late medieval periods, the framework of the Silk Road has grown increasingly popular and is used to orient research on mobilities of much earlier periods, as well as to frame movement and exchange at the molecular level, including of human genes. This article reviews the shared challenges confronted by Silk Road archaeologists and explores the narratives about human culture that have been tied up in the Silk Road metaphor from the beginning. Through a review of recent work on and along the Silk Road, I trace common narratives and shared scalar challenges across archaeologies of landscape, material culture, gender, mobile lifeways, and isotopic and genetic assemblages, and examine tensions between globality and locality within Silk Road cultural heritage and the implications of China’s Belt and Road Initiative."
U171,JOUR,"Clarke‐Hill, C.; Li, Huaning; Davies, B.",2003,The paradox of co‐operation and competition in strategic alliances: towards a multi‐paradigm approach,Management Research News,26,1,20,10.1108/01409170310783376,"Co‐operation and competition characterise the inter‐firm relationships in strategic alliances. This article proposes a paradox approach to studying co‐operation and competition. It explains the paradox perspective and provides an analytic framework for the paradox of co‐operation and competition. In the light of the paradoxical nature, it advocates a multi‐paradigm approach to co‐operative and competitive strategies, which combines strategic positioning, the resource‐based view and game theory. The article suggests that the multi‐paradigms can not only encompass the contradictions of the paradox from the different perspectives, but also emulate the individual ones and provide a holistic picture. The multi‐paradigm approach therefore establishes a better methodology basis than fragmented orthodox theories in exploring the contradictory, interactive and dynamic nature."
U172,GEN,"Yılmaz, Z.; Erdem, Cihat; Kaya, Kübra",2020,YENİ İPEK YOLU’NUN TÜRKİYE EKONOMİSİNE ETKİSİ,"\n                                                                    Volume: 5, Issue: 9\n                                                                                                    198-214\n                                                                \n",5,198,214,,"Ipek yolu tarih boyunca dunyanin iki uc noktasi arasinda kulturlerin, mallarin ve hizmetlerin tasindigi tarihi bir yol olmustur. Ulasimdaki yetersizliklerden dolayi Cin 2013 yilinda Yeni Ipek Yolu projesini ortaya atmistir. Orta koridorda yer alan Turkiye jeopolitik konumu geregi Asya ve Avrupa’yi birbirine baglayan bir kopru konumuna sahip olmustur. Gecis guzergahinda olmasi nedeniyle kara yolu, demir yolu ve boru hatlari yatirimlari Turkiye de yogunlasmistir. Yatirimlarin cogunlugu yabanci yatirimcilar tarafindan karsilanmasi ongorulmus boylece Turkiye ekonomisinde bir canlilik saglamasi amaclanmistir. Kuresellesen dunyada Turkiye de bu projeye katilimiyla yerini almistir. Calismada proje kapsaminda Turkiye etkilerinin fazla olacagi dusunulen dis ticaret, tasimacilik ve turizme katkilari incelenmistir."
U173,JOUR,"Mutia, R.; Archellie, Reynaldo De; Ken, Danny Wong Tze",2026,The Chinese instrumentalization of history in the belt and road initiative: the impact on Indonesian and Malaysian perspectives,Frontiers in Political Science,,,,10.3389/fpos.2026.1782746,"This article critically examines how Xi Jinping’s administration has instrumentalized historical narratives to reconstruct the Belt and Road Initiative (BRI) as a framework for global cooperation rooted in a shared civilizational heritage. Existing literature often emphasizes contemporary strategies, infrastructure projects, and policy frameworks but overlooks the historical narratives and precedents that inform and shape the BRI’s conceptualization and implementation. The article argues that, historically, narratives of the Silk Road in Xi Jinping’s official discourse primarily serve as a metaphorical lure to promote investment-driven BRI engagement in participating countries. This paper employs a qualitative historical and discourse analysis of elite and state-level sources, including official speeches and policy documents from the Chinese, Indonesian, and Malaysian governments, supplemented by academic publications, state-aligned media, and institutional materials. The level of analysis is confined to official and elite discourse rather than broader public or societal perspectives. By examining Indonesia and Malaysia as BRI host countries, the study finds that the vague, loosely defined concept of the Silk Roads has enabled state authorities to reinterpret the past to promote the BRI. In this context, the official narrative of the Silk Roads serves as a symbolic appeal to attract and encourage investment-driven participation in the BRI among participating countries."
U174,GEN,"Gnyawali, Devi R.; Charleton, Tadhg Ryan",2017,Divergence of Coopetition Research: Bridging the Conversations and Shaping the Research Agenda,,2017,12985,,10.5465/ambpp.2017.12985abstract,"Scholarly and managerial interest in coopetition has risen substantially in recent years, and this increase has led to interesting opportunities and challenges. Ambiguity exists regarding what coopetition is, the phenomenon has been explored from different perspectives, and current research is quite fragmented. This paper provides much needed clarity on the topic by articulating key defining characteristics of coopetition and by articulating uniqueness and commonalities of the different research streams. We examine and contrast two dominant streams in coopetition research, illustrate their unique strengths, offer a holistic understanding of the phenomenon, and illustrate how future research could achieve richer insights by harnessing the unique strengths of both. We outline a detailed research agenda that builds on these strengths and clearly articulates novel opportunities for future research. Our paper clarifies ambiguities concerning the unique characteristics of coopetition and cultivates dialogues ac..."
U175,JOUR,"Shakirov, Symbat; Tleubayeva, A.; Amangeldiyev, A.; Kachkynova, Aida",2025,INSTITUTIONAL AND SOCIOPOLITICAL ASPECTS OF TOURISM IN REDUCING CONFLICT RISKS IN CENTRAL ASIAN STATES,Адам әлемі,,,,10.48010/aa.v103i4.811,"The article examines the role of institutional and sociopolitical aspects of tourism in Central Asian countries in reducing the region’s conflict potential. The study analyzes the opportunities and limitations of tourism in strengthening interstate cooperation, intercultural dialogue, and mutual trust. By revealing the influence of historical and cultural heritage, ethnic and linguistic diversity, as well as water and border issues on the tourism industry in the region’s countries, the authors propose ways to achieve regional integration and stability.The article highlights the importance of institutional reforms, improvement of the legal framework, and implementation of regional projects. It also analyzes the impact of joint initiatives, such as the «Silk Road Visa», on ensuring sustainable peace and socio-economic growth in Central Asia."
U176,JOUR,"Wu, Shaojing; Fang, Zhixiang",2025,Revealing the city-scale spatial coopetitive relationships between themed and non-themed tourism attractions in three Chinese cities,"Transactions in Urban Data, Science, and Technology",4,65,100,10.1177/27541231251318347,"The themes of cities and the types of attractions they offer significantly influence visitors’ decisions to explore specific destinations. However, systematic research on the competitive and cooperative (coopetition) relationships between thematic and non-thematic urban attractions remains scarce. This study analyzes the spatial patterns of coopetition relationships between thematic and non-thematic attractions in three Chinese tourist cities—Chengdu, Dalian, and Shenyang—during the 2020 National Day, based on pedestrian trajectory data provided by a service operator. By leveraging network analysis, geographic metrics, and a quantitative modeling approach, this paper introduces a novel framework that integrates network analysis with motif analysis to examine the interaction patterns between attractions. Specifically, the Fruchterman–Reingold algorithm is utilized to establish an analytical framework for thematic and non-thematic interactions among urban attractions. The results reveal both similarities and differences in the coopetition relationships of urban attractions. Across the cities studied, thematic attractions exhibit a strong tendency to cluster, while the competition among non-thematic attractions is more evenly distributed. The study is helpful to dynamically abstract the coopetition relationships and support the sustainable decision-making for urban tourism management."
U177,GEN,"Durdular, Arzu",2016,Çin’in “Kuşak-Yol” Projesi ve Türkiye-Çin İlişkilerine Etkisi,,49,77,97,,"Cin Halk Cumhuriyeti Devlet Baskani Xi Jinping’in 2013 yilinin Eylul ve Ekim aylarinda Kazakistan’a ve Endonezya’ya gerceklestirdigi ziyaretlerde Ipek Yolu Ekonomi Kusagi’ni ve 21. yuzyil Deniz Ipek Yolu’nu ortaklasa insa etme projesini gundeme getirmistir. Kisaca “Kusak- Yol” olarak anilan “Ipek Yolu Ekonomi Kusagi” ve “21. Yuzyil Deniz Ipek Yolu” projesi, hem karadan hem de denizden Dogu Asya, Orta Asya, Bati Asya, Afrika ve Avrupa’nin birbirine baglanmasini; “Kusak-Yol” uzerindeki ulkeler arasinda ortakliklar kurmayi ve bu ulkelerde dengeli ve surdurulebilir kalkinmalar gerceklestirmeyi amaclamaktadir. Ancak, bolge ulkelerinin endiseleri, “Kusak-Yol” guzergâhi uzerindeki ulkelerin hem ic sorunlari hem de bu ulkelerin kendi aralarindaki sorunlar, ABD ve Rusya gibi buyuk devletlerin projeye olumsuz yaklasimlari ve olasi yuksek isletim maliyetleri, bu projenin basariya ulasmasinda karsilasacagi zorluklardir. Asya-Avrupa-Afrika kitalarinin ortasinda yer alan Turkiye, cografi ve jeopolitik konumu nedeniyle Cin’in “Kusak –Yol” projesinde onemli bir yere sahiptir. Bu proje, Turkiye-Cin ikili ekonomik ve ticari iliskilerinin gelismesinde yeni firsatlar olusturmaktadir. Bu makalede, Cin’in “Kusak-Yol” projesi, bu projeyi gerceklestirmede karsilasacagi olasi sorunlari ve bu projenin Turkiye- Cin iliskilerine etkisi incelenecektir"
U178,GEN,"Gnyawali, Devi R.; He, Jin-Yu; Madhavan, Ravi; Bengtsson, M.",2012,"Contradictions, Dualities and Tensions in Cooperation and Competition: A Capability Based Framework",,2012,14002,,10.5465/ambpp.2012.14002abstract,We develop a conceptual framework that unpacks opposing forces in firms’ simultaneous pursuit of collaboration and competition or co-opetition. Our conceptual model has four building blocks— dualit...
U179,JOUR,"Basılgan, Müslüm",2025,ÇİN’İN YENİ İPEK YOLU VİZYONU VE TÜRKİYE’YE YANSIMALARI,Ekonomi Bilimleri Dergisi,,,,10.55827/ebd.1702459,"Bu çalışmanın temel amacı, Çin’in 2013 yılında tarihi İpek Yolu’nu yeniden canlandırmak üzere başlattığı Kuşak ve Yol Girişimi’nin genel çerçevesini ve ekonomik koridorlarını analiz etmek; Türkiye’nin bu girişimdeki konumunu değerlendirerek iki ülke arasındaki iş birliğinin ekonomik ve politik yansımalarını ortaya koymaktır. Kuşak ve Yol Girişimi ile Çin bir yanda iç ekonomisinde ortaya çıkan dengesizliklere çözüm üretmeyi amaçlarken, diğer yandan artan ulusal üretim kapasitesi ile uluslararası yatırımlarını daha tutarlı ve sürdürülebilir bir küresel kalkınma modeline dönüştürmeyi hedeflemektedir. Söz konusu model, Asya’dan Afrika ve Avrupa’ya uzanan tamamlayıcı kaynak ve kapasitelere sahip ülkeleri birbirine bağlayan altı ana ekonomik koridor etrafında yapılandırılmıştır. Kuşak ve Yol Girişimi kapsamında Çin, özellikle gelişmekte olan ve az gelişmiş ülkelerde altyapı yatırımlarına ağırlık vermiş; karayolları, demiryolları, havaalanları ve limanlar inşa ederek küresel ticaret akışını kolaylaştırmayı ve hammadde tedarikini güvence altına almayı planlamıştır. Bu bağlamda Türkiye, Asya ile Avrupa arasında stratejik bir köprü konumunda yer alması ve tarihî İpek Yolu üzerindeki kilit noktalarından biri olması nedeniyle Kuşak ve Yol Girişimi için büyük önem taşımaktadır. Türkiye zaman zaman bu tarihî rotanın yeniden canlandırılmasına yönelik olarak Çin mallarının Orta Asya ve Türkiye’den Avrupa’ya geçişine imkan verecek projelere girişmiştir. Bu projelerden biri “Orta Koridor” girişimidir. Rusya ile Ukrayna arasındaki savaş nedeniyle Kuzey Koridoru'nun işlememesi ve İran'a uygulanan ambargolar nedeniyle Güney Koridoru'nun işlevsiz kalması, Çin’in Avrupa’ya ulaşmasında Türkiye'nin ve Orta Koridor'un oynadığı rol oldukça önemli hale gelmiştir. Kuşak ve Yol Girişimi’nde Çin-Orta Asya-Batı Asya Ekonomik Koridoru’nda yer alan Türkiye ile Çin arasında 2015 yıllında Orta Koridor ile Kuşak ve Yol Girişimi’nin uyumlaştırmak amacıyla “Mutabakat Muhtırası” imzalanmıştır. Bu tarihten itibaren, Türkiye’de faaliyet gösteren Çinli şirketlerin sayısında önemli bir artış olmuş; özellikle enerji ve inşaat sektörlerinde gittikçe artan yatırımlar yapılmıştır. Bu ortaklık temelinde her iki ülke bir çeşit “kazan-kazan stratejisi”ne dayalı olarak iş birliklerini geliştirmişlerdir."
U180,GEN,"Dündar, A.",2019,From Cultural Diversity to Cultural Affinity: Turkey As A Mediator Between East and West,,2,58,64,,"Cin'in hayata gecirmeye calistigi ""Bir Yol Bir Kusak"" projesi, Turkiye'yi de yakindan ilgilendirmektedir. Turkiye dahil olsa da olmasa da bu projenin gerceklesmesi durumunda kuresel ticarette dengelerin degisecegi ortadadir. Eski Ipek Yolu'nun 21. yuzyil uygulamasi olarak da adlandirabilecegimiz bu proje Cin'in oldugu kadar Turkistan'daki (Orta Asya) Turk Devletlerinin dogal zenginliklerinin ve mamullerinin de dunyaya pazarlanmasina olanak verecektir. Bu noktada Turkiye, sadece cografi olarak degil kulturel olarak da Turk Devletleri ile Avrupa arasinda bir kopru olmaya devam edecektir. Bu calismada, ""Bir Yol Bir Kusak"" projesinin olasi faydalari ya da zararlarina deginilmeyecek olup Anadolu Turkleri ile Turkistan Turkleri arasindaki tarih ve kultur ortakliginin alti cizilerek Cin, Turkiye ve Turkistan'daki Turk Devletlerinin is birligi imkanlari hakkindaki gorusler aktarilacaktir. Daha kapsamli bir calismanin habercisi olarak kaleme alinmistir."
U181,GEN,"Dagnino, G.; Rocco, E.",2009,"Coopetition strategy : theory, experiments and cases",,,,,10.4324/9780203874301,Introduction Part 1: Coopetition Strategy: Conceptual Development Part 2: Coopetition Strategy: Case-Based Inquiry Part 3: Coopetition Strategy: Experimental Evidence. Concluding Remarks
U182,JOUR,"Thees, Hannes",2020,Towards Local Sustainability of Mega Infrastructure: Reviewing Research on the New Silk Road,Sustainability,,,,10.3390/su122410612,"The Belt and Road Initiative is the leading project in the regions along the ancient Silk Road. This aims to revive the New Silk Road (NSR) as a transnational space towards an era of new regional integration and globalization. Despite the potential economic effects on a global scale, local sustainability remains questionable. Building upon the central engagement in infrastructure improvements, this article aims to investigate the role of local sustainability in research along the New Silk Road. Starting with 597 scientific articles, this article conducts a systematic literature review on four levels of concretization to characterize the research field of the New Silk Road, and to develop in-depth insights systematically. The results reveal a research focus on economic growth, which is lacking in environmental considerations and especially the socio-cultural dimension of sustainability on a local scale. Future directions in local sustainability should therefore include local stakeholders to build a joint understanding of sustainability by recognizing the characteristics of regionalism upon which manifold local support of mega infrastructure can evolve. Given these findings, the New Silk Road emerges as a field of study that calls for interdisciplinary research on different spatial levels."
U183,GEN,"Kock, S.",2003,Relationships of Cooperation and Competition between Competitors,,,,,,"In this paper we are elaborating on the various relationships existing among competitors both on an activity and resource level as well as on an individual level. The inclusion of competitors has led us to focus on activities and roles instead of positions in vertical or horizontal settings. We argue that the character of the activities and the resources used will affect both cooperative and competitive interactions among competitors. Furthermore, as earlier studies have shown, are social relationships between individuals of outmost importance for the relationships to work successfully. We argue that this is accurate especially when dealing with individuals involved in activities between competitors."
U184,JOUR,"Çakilci, Ulaş Birkan",2021,Belt and Road Projects and Effects on Turkey,Fiscaoeconomia,,,,10.25295/fsecon.826001,"The Belt-Road Initiative, which was presented as a modernized version of the historical Silk Road, which lost its importance with the geographical discoveries, and emerged with the announcement of Chinese President Xi Jinping in 2013, has a great impact area with its routes created both on land and in the sea. The Initiative, the participating countries of economic, social, and cultural aspects offers several advantages and Turkey became a member of the Central Corridor is an initiative since the beginning of the country. In this study, first of all, the history of the Belt-Road, the project finances, the route branches, and the security concerns related to the project were discussed. After that the purpose of the project and that the participants in the Belt-Road advantages and disadvantages in terms of Turkey and other countries were discussed. Finally, in light of the findings, article was concluded by making some suggestions related to foreign policy. Fiscaoeconomia"
U185,JOUR,"Kulaksız, Sıla",2019,Financial Integration via Belt and Road Initiative: China–Turkey Cooperation,Global Journal of Emerging Market Economies,11,48,64,10.1177/0974910119874632,"The aim of this article is to review the progress made in the Belt and Road Initiative (BRI) in Turkey. Turkey and China both are the emerging economies of the world. They have similar ambitions for development. Turkey aims for “Vision 2023 goals” and China follows its “Destination 2049” goals. The BRI can bring them together to build a prosperous common future. However, both countries have different characteristics. This cooperation can be sustained in a more congruent way by exploring the existing opportunities and risks involved. In this context, some relevant questions are raised: how can cooperation between China and Turkey be strengthened? What are the opportunities and risks in this initiative? What are the expectations of these two countries? In this article, Turkey–China economic cooperation under the BRI will be analyzed. Some suggestions will be made for boosting cooperation between them."
U186,GEN,,2020,"""一带一路""背景下土耳其与中国的外交研究",,,,,10.32629/9789811450518,土耳其地处亚欧大陆交界处，是“一带一路”联通欧亚的枢纽。习主席强调，共建“一带一路”，关键是互联互通。中国政府提出的“一带一路”战略，得到了土耳其各界的积极响应。中国与土耳其的历史渊源可以追溯到我国汉代的丝绸之路时期，都是有着古老文明和强劲经济发展活力的新兴发展中国家，是落实“一带一路”倡议的重要国别。本书分四章，共计约20万字符，分别从土耳其与中国的历史关系、“一带一路”背景下土耳其与中国的外交机遇、“一带一路”背景下土耳其与中国的外交挑战、“一带一路”背景下加强土中合作的建议几方面详细地对“一带一路”背景下土耳其与中国的外交关系进行了研究。
U187,JOUR,"Tiberghien, Guillaume",2020,Neo-nomadic Culture as a Territorial Brand for ‘Authentic’ Tourism Development in Kazakhstan,Europe-Asia Studies,72,1728,1751,10.1080/09668136.2020.1776842,"Abstract The article explores the concept of neo-nomadic culture as a territorial brand for ‘authentic’ Kazakhstan’s tourism development. Using a qualitative methodology based on two case studies of eco-cultural tours, the article examines stakeholders’ perceptions of authenticity of several heritage dimensions of nomadic culture and how these perceptions intersect with the notion of ‘terroir’. The article argues that constructing ‘authentic’ tourism products and experiences based on contemporary Kazakhstani nomadic culture and traditions enables local stakeholders to reaffirm their territorial and cultural identities in the post-Soviet era and fosters international recognition of authentic eco-cultural tourism practices among similar tourism destinations in Central Asia."
U188,GEN,"Galvagno, Marco; Garraffo, F.",2010,The Promise of Coopetition as a Field of Research,,,,,,"Coopetition can occur when two (or more) firms, during and/or after their competitive actions and reactions, decide to pursue a common goal by cooperating in other activities or, vice versa, when two (or more) firms, during and/or after cooperative relationships, compete against each other in other activities. This paper is an initial tentative to define a conceptual framework for research on coopetition that explains and predicts a set of distinctive empirical phenomena, not explained or predicted by conceptual frameworks already in existence in other streams of research in business studies. After a brief review of the literature we first define the concept of coopetition, by considering the two basic concepts it is founded on: competition and cooperation. Secondly, we consider the variables affecting the empirical definition of coopetition. Finally we suggest some theoretical propositions, adding a contribution on coopetition literature, that could be a base for further researches."
U189,JOUR,"Ikiz, A.",2019,TEK KUŞAK TEK YOL PROJESİ VE TÜRKİYE’YE OLASI ETKİLERİ,Elektronik Sosyal Bilimler Dergisi,,,,10.17755/esosder.535844,"2013 yili sonrasi Cin Avrupa ile olan ticaret rotasi uzerinde Tek Kusak Tek Yol projesi baslatmistir. Tarihi Ipek Yolu sinirlari uzerinde bulunan bu koridor Cin ve Avrupa’yi kara yolu, demiryolu ve limanlar vasitasi ile daha hizli bir ulasim agi ile baglamayi amaclamaktadir. Bu ayni zamanda tasima maliyetlerinde onemli bir dusus saglayacaktir. Projenin Orta koridoru uzerinde bulunan Turkiye oldukca onemlidir. Bu calismada tarihi Ipek yolunun canlandirilmasi Turk Cin iliskilerinin tarihi sureci goz onune alinarak degerlendirilecektir."
U190,JOUR,"Karamustafa, K.",2000,Marketing-channel relationships: Turkey's resort purveyors' interactions with international tour operators,Cornell Hotel and Restaurant Administration Quarterly,41,21,31,10.1016/s0010-8804(00)80031-2,
U191,JOUR,"Okura, Mahito; Carfí, D.",2018,Coopetition and game theory 1,The Routledge Companion to Coopetition Strategies,,,,10.4324/9781315185644-13,
